abandon,покидать
ability, способность
able, способный
about, о
above, выше
abroad, за границей
absolute, абсолютный
absolutely, абсолютно
academic, академический
accept, принимать
acceptable, приемлемый
access, доступ
accident, несчастный случай
accommodation, размещение
accompany, сопровождать
according, согласно
account, счет
accurate, точный
accuse, обвинять
achieve, достигать
achievement, достижение
acknowledge, сознавать
acquire, приобретать
across, через
act, действовать
action, действие
active, активный
activity, активность
actor, актер
actress, актриса
actual, действительный
actually, на самом деле
ad, объявление
adapt, адаптироваться
add, добавлять
addition, добавление
additional, дополнительный
address, адрес
administration, администрация
admire, восхищаться
admit, признавать
adopt, усыновить
adult, взрослый
advance, продвигать
advanced, передовой
advantage, преимущество
adventure, приключение
advertise, рекламировать
advertisement, реклама
advertising, реклама
advice, совет
advise, советовать
affair, роман
affect, оказывать воздействие
afford, предоставлять
afraid, испуганный
after, после
afternoon, полдень
afterwards, после
again, снова
against, против
age, возраст
aged, в возрасте
agency, агентство
agenda, повестка дня
agent, агент
aggressive, агрессивный
ago, назад
agree, соглашаться
agreement, соглашение
ah, ах
ahead, предстоящий
aid, помогать
aim, цель
air,воздух
aircraft, самолет
airline, авиакомпания
airport, аэропорт
alarm, тревога
album, альбом
alcohol, алкоголь
alcoholic, алкоголик
alive, живой
all, все
all, все
allow, позволять
almost, почти
alone, один
along, вдоль
already, уже
also, также
alter, изменить
alternative, альтернатива
although, хотя
always, всегда
amazed, поражен
amazing, удивительный
ambition, амбиции
ambitious, амбициозный
among, среди
amount, количество
analyse, анализировать
analysis, анализ
ancient, древний
and, и
anger, злость
angle, угол
angry, злой
animal, животное
ankle, лодыжка
anniversary, годовщина
announce, объявлять
announcement, объявление
annoy, раздражать
annoyed, раздраженный
annoying, раздражающий
annual, ежегодный
another, другой
answer, отвечать
anxious, тревожный
any, любой
anybody, кто-нибудь
any, любой
anyone, любой
anything, что-либо
anyway, в любом случае
anywhere, где угодно
apart, отдельно
apartment, квартира
apologize, извиняться
app, приложение
apparent, очевидный
apparently, видимо
appeal, обращаться
appear, появляться
appearance, появление
apple, яблоко
application, приложение
apply, применять
appointment, встреча
appreciate, ценить
approach, подход
appropriate, соответствующий
approval, одобрение
approve, утвердить
approximately, примерно
April, Апрель
architect, архитектор
architecture, архитектура
area,область
argue, спорить
argument, аргумент
arise, возникают
arm, рука
armed, вооруженный
arms, оружие
army, армия
around, вокруг
arrange, договариваться
arrangement, договоренность
arrest, арестовать
arrival, прибытие
arrive, приезжать
art, искусство
article, статья
artificial, искусственный
artist, художник
artistic, художественный
as, как
ashamed, стыдящийся
ask, просить
asleep, спящий
aspect, аспект
assess, оценивать
assessment, оценка
assignment, назначение
assist, помогать
assistant, помощник
associate, ассоциированный
associated, связанный
association, ассоциация
assume, предполагать
at, в
athlete, спортсмен
atmosphere, атмосфера
attach, прикреплять
attack, атака
attempt, пытаться
attend, посещать
attention, внимание
attitude, отношение
attract, привлекать
attraction, притяжение
attractive, привлекательный
audience, аудитория
August, Август
aunt, тетя
author, автор
authority, власть
autumn, осень
available, доступный
average, средний
avoid, избегать
award, награда
aware, осведомленный
away, прочь
awful, ужасный
baby, малыш
back, назад
background, фон
backwards, назад
bacteria, бактерии
bad, плохой
badly, плохо
bag, сумка
bake, выпекать
balance, баланс
ball, мяч
ban, запретить
banana, банан
band, группа
bank, банк
bank, банк
bar, бар
barrier, барьер
base, база
baseball, бейсбол
based,основанный на
basic, базовый
basically, по сути
basis, основа
basketball, баскетбол
bath, ванна
bathroom, ванная комната
battery, батарея
battle, боевой
be, быть
beach, пляж
bean, фасоль
bear, медведь
bear, медведь
beat, бить
beautiful, красивый
beauty, красота
because, потому что
become, становиться
bed, кровать
bedroom, спальня
bee, пчела
beef, говядина
beer, пиво
before, до
beg, умолять
begin, начинать
beginning, начало
behave, вести себя
behaviour, поведение
behind, позади
being, существование
belief, вера
believe, полагать
bell, колокол
belong, принадлежать
below, ниже
belt, пояс
bend, сгибать
benefit, выгода
bent, согнутый
best, лучший
bet, ставка
better, лучше
between, между
beyond, вне
bicycle, велосипед
big, большой
bike, велосипед
bill, счет
billion, миллиард
bin, мусорное ведро
biology, биология
bird, птица
birth, рождение
birthday, день рождения
biscuit, печенье
bit, кусочек
bite, кусать
bitter, горький
black, черный
blame, обвинять
blank, пустой
blind, слепой
block, блокировать
blog, блог
blonde, блондинка
blood, кровь
blow, дуть
blue, синий
board, доска
boat, лодка
body, тело
boil, кипятить
bomb, бомбить
bond, связь
bone, кость
book, книга
boot, ботинок
border, граница
bored, скучающий
boring, скучный
born, рожденный
borrow, занимать
boss, босс
both,оба
bother, беспокоить
bottle, бутылка
bottom, нижний
bowl, чаша
box, коробка
boy, мальчик
boyfriend, парень
brain, мозг
branch, ветвь
brand, бренд
brave, храбрый
bread, хлеб
break, перерыв
breakfast, завтрак
breast, грудь
breath, дыхание
breathe, дышать
breathing, дыхание
bride, невеста
bridge, мост
brief, краткий
bright, яркий
brilliant, блестящий
bring, приносить
broad, широкий
broadcast, транслировать
broken, сломанный
brother, брат
brown, коричневый
brush, щетка
bubble, пузырь
budget, бюджет
build, строить
building, здание
bullet, пуля
bunch, связка
burn, гореть
bury, хоронить
bus, автобус
bush, куст
business, бизнес
businessman, бизнесмен
busy, занятый
but, но
butter, масло
button, кнопка
buy, купить
by, к
bye, пока
cable, кабель
cafe, кафе
cake, торт
calculate, вычислить
call, вызов
calm, спокойствие
camera, камера
camp, лагерь
campaign, кампания
camping, кемпинг
campus, кампус
can, может
can, может
cancel, отмена
cancer, рак
candidate, кандидат
cannot, не может
cap, колпачок
capable, способный
capacity, емкость
capital, капитал
captain, капитан
capture, захватывать
car, машина
card, карта
care, заботиться
career, карьера
careful, осторожный
carefully, осторожно
careless, беспечный
carpet, ковер
carrot, морковь
carry,нести
cartoon, мультфильм
case, случай
cash, наличные
cast, бросать
castle, замок
cat, кот
catch, ловить
category, категория
cause, причина
CD, компакт-диск
ceiling, потолок
celebrate, праздновать
celebration, празднование
celebrity, знаменитость
cell, клетка
cent, цент
central, центральный
centre, центр
century, век
ceremony, церемония
certain, определенный
certainly, конечно
chain, цепь
chair, стул
chairman, председатель
challenge, испытание
champion, чемпион
chance, шанс
change, изменять
channel, канал
chapter, глава
character, характер
characteristic, характеристика
charge, заряжать
charity, благотворительность
chart, диаграмма
chat, чат
cheap, дешевый
cheat, изменять
check, проверять
cheerful, жизнерадостный
cheese, сыр
chef, шеф-повар
chemical, химический
chemistry, химия
chest, грудь
chicken, курица
chief, главный
child, ребенок
childhood, детство
chip, чип
chocolate, шоколад
choice, выбор
choose, выбирать
church, церковь
cigarette, сигарета
cinema, кино
circle, круг
circumstance, обстоятельство
cite, цитировать
citizen, гражданин
city, город
civil, гражданский
claim, требовать
class, сорт
classic, классический
classical, классический
classroom, класс
clause, пункт
clean, чистый
clear, прозрачный
clearly, четко
clever, умный
click, нажмите
client, клиент
climate,климат
climb, взбираться
clock, часы
close, закрывать
close, закрывать
closed, закрыто
closely, тесно
cloth, ткань
clothes, одежда
clothing, одежда
cloud, облако
club, клуб
clue, зацепка
coach, тренер
coal, уголь
coast, побережье
coat, пальто
code, код
coffee, кофе
coin, монета
cold, холодный
collapse, крах
colleague, коллега
collect, собирать
collection, коллекция
college, колледж
colour, цвет
coloured, цветной
column, столбец
combination, сочетание
combine, объединить
come, приходить
comedy, комедия
comfort, комфорт
comfortable, комфортный
command, команда
comment, комментарий
commercial, коммерческий
commission, комиссия
commit, совершить
commitment, обязательство
committee, комитет
common, общий
commonly, обычно
communicate, общаться
communication, коммуникация
community, сообщество
company, компания
compare, сравнивать
comparison, сравнение
compete, конкурировать
competition, соревнование
competitive, конкурентоспособный
competitor, конкурент
complain, жаловаться
complaint, жалоба
complete, полный
completely, полностью
complex, сложный
complicated, сложный
component, компонент
computer, компьютер
concentrate, концентрат
concentration, концентрация
concept, концепция
concern, беспокойство
concerned, обеспокоенный
concert, концерт
conclude, заключить
conclusion, заключение
condition, состояние
conduct,руководить
conference, конференция
confidence, уверенность
confident, уверенный
confirm, подтверждать
conflict, конфликт
confuse, запутать
confused, смущенный
confusing, запутанный
connect, соединять
connected, подключен
connection, связь
conscious, сознательный
consequence, последствие
conservative, консервативный
consider, учитывать
consideration, рассмотрение
consist, состоять
consistent, последовательный
constant, постоянный
constantly, постоянно
construct, построить
construction, строительство
consume, потреблять
consumer, потребитель
contact, контакт
contain, содержать
container, контейнер
contemporary, современный
content, содержание
contest, конкурс
context, контекст
continent, континент
continue, продолжать
continuous, непрерывный
contract, договор
contrast, контраст
contribute, способствовать
contribution, вклад
control, контроль
convenient, удобный
conversation, беседа
convert, преобразовать
convince, убеждать
convinced, убежденный
cook, готовить
cooker, плита
cooking, приготовление пищи
cool, прохладный
copy, копия
core, основной
corner, угол
corporate, корпоративный
correct, правильный
correctly, правильно
cost, расходы
costume, костюм
cottage, коттедж
cotton, хлопок
could, мог
council, совет
count, считать
country, страна
countryside, сельская местность
county, графство
couple, пара
courage, храбрость
course, курс
court,суд
cousin, двоюродный брат
cover, крышка
covered, покрытый
cow, корова
crash, крушение
crazy, сумасшедший
cream, крем
create, создавать
creation, создание
creative, творческий
creature, существо
credit, кредит
crew, экипаж
crime, преступление
criminal, преступник
crisis, кризис
criterion, критерий
critic, критик
critical, критический
criticism, критика
criticize, критиковать
crop, обрезать
cross, крест
crowd, толпа
crowded, переполненный
crucial, ключевой
cruel, жестокий
cry, плакать
cultural, культурный
culture, культура
cup, чашка
cupboard, буфет
cure, излечивать
curly, кудрявый
currency, валюта
current, текущий
currently, в настоящее время
curtain, занавес
curve, изгиб
curved, изогнутый
custom, обычай
customer, клиент
cut, резать
cycle, цикл
dad, папа
daily, ежедневно
damage, повреждать
dance, танец
dancer, танцор
dancing, танцы
danger, Опасность
dangerous, опасный
dark, темный
data, данные
date, дата
daughter, дочь
day, день
dead, мертвый
deal, иметь дело
dear, дорогой
death, смерть
debate, дебаты
debt, долг
decade, десятилетие
December, декабрь
decent, приличный
decide, решать
decision, решение
declare, объявить
decline, отклонить
decorate, украшать
decoration, украшение
decrease, снижаться
deep, глубокий
deeply, глубоко
defeat, поражение
defence, защита
defend, защищать
define,определять
definite, определенный
definitely, определенно
definition, определение
degree, степень
delay, задерживать
deliberate, преднамеренный
deliberately, умышленно
delicious, вкусный
delight, восторг
delighted, получивший удовольствие
deliver, доставлять
delivery, доставка
demand, требовать
demonstrate, продемонстрировать
dentist, стоматолог
deny, отрицать
department, отделение
departure, отправление
depend, зависеть
depressed, подавленный
depressing, удручающий
depth, глубина
describe, описывать
description, описание
desert, пустыня
deserve, заслуживать
design, дизайн
designer, дизайнер
desire, желание
desk, рабочий стол
desperate, отчаянный
despite, несмотря на
destination, место назначения
destroy, разрушать
detail, деталь
detailed, подробный
detect, обнаружить
detective, детектив
determine, определять
determined, определенный
develop, развивать
development, разработка
device, устройство
diagram, диаграмма
dialogue, диалог
diamond, алмаз
diary, дневник
dictionary, словарь
die, умереть
diet, диета
difference, разница
different, другой
differently, по-разному
difficult, трудный
difficulty, трудность
dig, копать
digital, цифровой
dinner, ужин
direct, прямой
direction, направление
directly, напрямую
director, директор
dirt, грязь
dirty, грязный
disadvantage, недостаток
disagree, не согласен
disappear, пропадать
disappointed, расстроенный
disappointing,разочаровывающий
disaster, катастрофа
disc, диск
discipline, дисциплина
discount, скидка
discover, обнаружить
discovery, открытие
discuss, обсуждать
discussion, обсуждение
disease, болезнь
dish, блюдо
dishonest, нечестный
dislike, не нравится
dismiss, увольнять
display, отображать
distance, расстояние
distribute, распространять
distribution, распределение
district, округ
divide, разделять
division, разделение
divorced, в разводе
do, делать
doctor, доктор
document, документ
documentary, документальный фильм
dog, собака
dollar, доллар
domestic, одомашненный
dominate, доминировать
donate, пожертвовать
door, дверь
double, двойной
adv., нареч.
doubt, сомневаться
down, вниз
download, скачать
downstairs, внизу
downwards, вниз
dozen, дюжина
draft, черновик
drag, тащить
drama, драма
dramatic, драматический
draw, рисовать
drawing, рисунок
dream, мечтать
dress, одеваться
dressed, одетый
drink, напиток
drive, водить машину
driver, водитель
driving, вождение
drop, уронить
drug, лекарство
drum, барабан
drunk, пьяный
dry, сухой
due, должный
during, в течение
dust, пыль
duty, долг
DVD, ДВД
each, каждый
ear, ухо
early, рано
earn, зарабатывать
earth, земля
earthquake, землетрясение
easily, легко
east, восток
eastern, восточный
easy, легкий
eat, есть
economic, экономический
economy, экономика
edge, край
edit, редактировать
edition,версия
editor, редактор
educate, обучать
educated, образованный
education, образование
educational, образовательный
effect, эффект
effective, эффективный
effectively, эффективно
efficient, эффективный
effort, усилие
egg, яйцо
eight, восемь
eighteen, восемнадцать
eighty, восемьдесят
either, или
elderly, пожилые люди
elect, избрать
election, выборы
electric, электрический
electrical, электрический
electricity, электричество
electronic, электронный
element, элемент
elephant, слон
eleven, одиннадцать
else, еще
elsewhere, в другом месте
email, электронная почта
embarrassed, смущенный
embarrassing, смущающий
emerge, появляться
emergency, чрезвычайная ситуация
emotion, эмоция
emotional, эмоциональный
emphasis, акцент
emphasize, подчеркивать
employ, нанимать
employee, сотрудник
employer, работодатель
employment, работа
empty, пустой
enable, давать возможность
encounter, сталкиваться
encourage, поощрять
end, конец
ending, окончание
enemy, враг
energy, энергия
engage, привлекать
engaged, помолвлен
engine, двигатель
engineer, инженер
engineering, инжиниринг
enhance, усиливать
enjoy, наслаждаться
enormous, громадный
enough, достаточно
enquiry, расследование
ensure, гарантировать
enter, входить
entertain, развлекать
entertainment, развлечение
enthusiasm, энтузиазм
enthusiastic, восторженный
entire, весь
entirely, полностью
entrance, вход
entry, вход
environment, среда
environmental,относящийся к окружающей среде
episode, эпизод
equal, равный
equally, одинаково
equipment, оборудование
error, ошибка
escape, побег
especially, особенно
essay, эссе
essential, существенный
establish, учреждать
estate, имущество
estimate, оценивать
ethical, этический
euro, евро
evaluate, оценивать
even, даже
evening, вечер
event, событие
eventually, в конце концов
ever, всегда
every, каждый
everybody, все
everyday, каждый день
everyone, каждый
everything, все
everywhere, повсюду
evidence, доказательство
evil, зло
exact, точный
exactly, точно
exam, экзамен
examination, экспертиза
examine, исследовать
example, пример
excellent, отличный
except, кроме
exchange, обмен
excited, взволнованный
excitement, возбуждение
exciting, захватывающий
excuse, извинение
executive, исполнительный
exercise, упражнение
exhibition, выставка
exist, существовать
existence, существование
expand, расширять
expect, ожидать
expectation, ожидание
expected, ожидал
expedition, экспедиция
expense, расходы
expensive, дорогой
experience, опыт
experienced, опытный
experiment, эксперимент
expert, эксперт
explain, объяснять
explanation, объяснение
explode, взорваться
exploration, разведка
explore, исследовать
explosion, взрыв
export, экспорт
expose, разоблачать
express, выражать
expression, выражение
extend, продлевать
extent, степень
external,внешний
extra, дополнительный
extraordinary, необычайный
extreme, экстремальный
extremely, очень сильно
eye, глаз
face, лицо
facility, средство
fact, факт
factor, фактор
factory, фабрика
fail, неудача
failure, отказ
fair, справедливый
fairly, весьма
faith, вера
fall, падать
FALSE,FALSE
familiar, привычный
family, семья
famous, известный
fan, вентилятор
fancy, изысканный
fantastic, фантастический
far, далеко
farm, ферма
farmer, фермер
farming, сельское хозяйство
fascinating, очаровательный
fashion, мода
fashionable, модный
fast, быстрый
fasten, закрепить
fat, толстый
father, отец
fault, вина
favour, услуга
favourite, любимый
fear, страх
feather, перо
feature, особенность
February, февраль
fee, платеж
feed, кормить
feedback, обратная связь
feel, чувствовать
feeling, чувство
fellow, парень
female, женский
fence, изгородь
festival, фестиваль
few, немного
fiction, вымысел
field, поле
fifteen, пятнадцать
fifth, пятый
fifty, пятьдесят
fight, драться
fighting, борьба
figure, фигура
file, файл
fill, наполнять
film, фильм
final, финал
finally, окончательно
finance, финансы
financial, финансовый
find, находить
finding, находка
fine, отлично
finger, палец
finish, заканчивать
fire, огонь
firm, твердый
first, первый
firstly, во-первых
fish, рыба
fishing, рыбалка
fit, соответствовать
fitness, фитнес
five, пять
fix,исправить
fixed, зафиксированный
flag, флаг
flame, пламя
flash, вспышка
flat, плоский
flexible, гибкий
flight, полет
float, плавать
flood, наводнение
floor, пол
flour, мука
flow, поток
flower, цветок
flu, грипп
fly, летать
flying, летающий
focus, фокус
fold, складывать
folding, складной
folk, народный
follow, следовать
following, следующий
food, еда
foot, ступня
football, футбол
for, для
force, сила
foreign, иностранный
forest, лес
forever, навсегда
forget, забывать
forgive, простить
fork, вилка
form, форма
formal, формальный
former, бывший
fortunately, к счастью
fortune, удача
forty, сорок
forward, вперед
found, найденный
four, четыре
fourteen, четырнадцать
fourth, четвертый
frame, рамка
free, бесплатно
freedom, свобода
freeze, заморозить
frequency, частота
frequently, часто
fresh, свежий
Friday, Пятница
fridge, холодильник
friend, друг
friendly, дружелюбно
friendship, дружба
frighten, пугать
frightened, испуганный
frightening, пугающий
frog, лягушка
from, от
front, передний
frozen, замороженный
fruit, фрукты
fry, жарить
fuel, топливо
full, полный
fully, полностью
fun, веселье
function, функция
fund, фонд
fundamental, фундаментальный
funding, финансирование
funny, забавный
fur, шерсть
furniture, мебель
further, дальше
furthermore, более того
future,будущее
gain, прирост
gallery, галерея
game, игра
gang, банда
gap, зазор
garage, гараж
garden, сад
gas, газ
gate, ворота
gather, собирать
general, общий
generally, в целом
generate, генерировать
generation, поколение
generous, щедрый
genre, жанр
gentle, нежный
gentleman, джентльмен
geography, география
get, получать
ghost, призрак
giant, гигант
gift, подарок
girl, девочка
girlfriend, подруга
give, давать
glad, радостный
glass, стекло
global, глобальный
glove, перчатка
go, идти
goal, цель
god, бог
gold, золото
golf, гольф
good, хороший
goodbye, до свидания
goods, товары
govern, управлять
government, правительство
grab, схватить
grade, оценка
gradually, постепенно
graduate, выпускник
grain, зерно
grand, большой
grandfather, дедушка
grandmother, бабушка
grandparent, дедушка и бабушка
grant, грант
grass, трава
grateful, благодарный
great, большой
green, зеленый
greet, приветствовать
grey, серый
ground, земля
group, группа
grow, расти
growth, рост
guarantee, гарантия
guard, сторожить
guess, предполагать
guest, гость
guide, гид
guilty, виновный
guitar, гитара
gun, пистолет
guy, парень
gym, спортзал
habit, привычка
hair, волосы
half, половина
hall, зал
hand, рука
handle, ручка
hang, вешать
happen, случаться
happily, счастливо
happiness, счастье
happy,счастливый
hard, жесткий
hardly, едва ли
harm, вред
harmful, вредный
hat, шляпа
hate, ненавидеть
have, иметь
have, иметь
he, он
head, голова
headache, головная боль
headline, заголовок
health, здоровье
healthy, здоровый
hear, слышать
hearing, слушание
heart, сердце
heat, нагревать
heating, обогрев
heaven, небеса
heavily, тяжело
heavy, тяжелый
heel, каблук
height, высота
helicopter, вертолет
hell, ад
hello, привет
help, помощь
helpful, полезный
her, ее
here, здесь
hero, герой
hers, ее
herself, себя
hesitate, сомневаться
hey, привет
hi, привет
hide, скрывать
high, высокий
highlight, выделять
highly, высоко
hill, холм
him, ему
himself, сам
hire, нанимать
his, его
historic, исторический
historical, исторический
history, история
hit, ударять
hobby, хобби
hockey, хоккей
hold, держать
hole, дыра
holiday, праздничный день
hollow, пустой
holy, святой
home, дом
homework, домашнее задание
honest, честный
honour, честь
hope, надеяться
horrible, ужасный
horror, ужас
horse, лошадь
hospital, больница
host, хозяин
hot, горячий
hotel, отель
hour, час
house, дом
household, семья
housing, жилье
how, как
however, однако
huge, огромный
human, человек
humorous, юмористический
humour, юмор
hundred, сто
hungry, голодный
hunt, охота
hunting, охота
hurricane,ураган
hurry, торопиться
hurt, повредить
husband, муж
I, я
ice, лед
ice, лед
idea, идея
ideal, идеальный
identify, идентифицировать
identity, личность
if, если
ignore, игнорировать
ill, больной
illegal, незаконный
illness, болезнь
illustrate, проиллюстрировать
illustration, иллюстрация
image, изображение
imaginary, воображаемый
imagination, воображение
imagine, представлять себе
immediate, немедленный
immediately, немедленно
immigrant, иммигрант
impact, влияние
impatient, нетерпеливый
imply, подразумевать
import, импорт
importance, важность
important, важный
impose, навязывать
impossible, невозможный
impress, произвести впечатление
impressed, впечатленный
impression, впечатление
impressive, впечатляющий
improve, улучшать
improvement, улучшение
in, в
inch, дюйм
incident, инцидент
include, включать
included, включено
including, включая
income, доход
increase, увеличивать
increasingly, все больше и больше
incredible, невероятный
incredibly, невероятно
indeed, действительно
independent, независимый
indicate, указывать
indirect, косвенный
individual, индивидуальный
indoor, в помещении
indoors, в помещении
industrial, промышленный
industry, промышленность
infection, инфекция
influence, влияние
inform, информировать
informal, неофициальный
information, информация
ingredient, ингредиент
initial, исходный
initially, изначально
initiative, инициатива
injure, ранить
injured, раненый
injury, рана
inner,внутренний
innocent, невиновный
insect, насекомое
inside, внутри
insight, понимание
insist, настаивать
inspire, вдохновлять
install, установить
instance, пример
instead, вместо
institute, институт
institution, учреждение
instruction, инструкция
instructor, инструктор
instrument, инструмент
insurance, страхование
intelligence, интеллект
intelligent, разумный
intend, намереваться
intended, намеревался
intense, интенсивный
intention, намерение
interest, интерес
interested, заинтересованный
interesting, интересный
internal, внутренний
international, международный
internet, интернет
interpret, интерпретировать
interrupt, прерывать
interview, интервью
into, в
introduce, представлять
introduction, введение
invent, изобретать
invention, изобретение
invest, инвестировать
investigate, расследовать
investigation, расследование
investment, инвестиции
invitation, приглашение
invite, приглашать
involve, вовлекать
involved, вовлеченный
iron, железо
island, остров
issue, проблема
IT, ЭТО
it, это
item, элемент
its, его
itself, сам по себе
jacket, куртка
jam, варенье
January, январь
jazz, джаз
jeans, джинсы
jewellery, ювелирные изделия
job, работа
join, присоединиться
joke, шутить
journal, журнал
journalist, журналист
journey, путешествие
joy, радость
judge, судить
judgement, суждение
juice, сок
July, Июль
jump, прыжок
June, Июнь
junior, младший
just,только
justice, справедливость
justify, оправдывать
keen, увлеченный
keep, держать
key, ключ
keyboard, клавиатура
kick, пинать
kid, ребенок
kill, убийство
killing, убийство
kilometre, километр
kind, добрый
kind, добрый
king, король
kiss, целовать
kitchen, кухня
knee, колено
knife, нож
knock, стук
know, знать
knowledge, знание
lab, лаборатория
label, этикетка
laboratory, лаборатория
labour, труд
lack, недостаток
lady, леди
lake, озеро
lamp, лампа
land, земля
landscape, пейзаж
language, язык
laptop, ноутбук
large, большой
largely, в значительной степени
last, последний
last, последний
late, поздно
later, позже
latest, последний
laugh, смех
laughter, смех
launch, запуск
law, закон
lawyer, адвокат
lay, класть
layer, слой
lazy, ленивый
lead, вести
leader, лидер
leadership, лидерство
leading, ведущий
leaf, лист
league, лига
lean, наклонять
learn, учиться
learning, обучение
least, наименее
leather, кожа
leave, оставлять
lecture, лекция
left, левый
leg, нога
legal, юридический
leisure, досуг
lemon, лимон
lend, одалживать
length, длина
less, меньше
lesson, урок
let, позволять
letter, письмо
level, уровень
library, библиотека
licence, лицензия
lie, ложь
lie, ложь
life, жизнь
lifestyle, образ жизни
lift, поднимать
light, свет
adj., прил.
light, свет
like, нравиться
like, нравиться
n., н.
likely, вероятный
limit,предел
limited, ограниченный
line, линия
link, связь
lion, лев
lip, губа
liquid, жидкость
list, список
listen, слушать
listener, слушатель
literature, литература
little, маленький
live, жить
live, жить
lively, живой
living, жизнь
load, нагрузка
loan, заем
local, местный
locate, найти
located, расположен
location, расположение
lock, замок
logical, логичный
lonely, одинокий
long, длинный
long-term, долгосрочный
look, смотреть
loose, свободный
lord, господин
lorry, грузовик
lose, терять
loss, потеря
lost, потерянный
lot, много
loud, громкий
loudly, громко
love, любовь
lovely, прекрасный
low, низкий
lower, ниже
luck, удача
lucky, удачливый
lunch, обед
lung, легкое
luxury, роскошь
machine, машина
mad, безумный
magazine, журнал
magic, магия
mail, почта
main, основной
mainly, в основном
maintain, поддерживать
major, главный
majority, большинство
make, делать
male, мужской
mall, торговый центр
man, мужчина
manage, управлять
management, управление
manager, менеджер
manner, манера
many, много
map, карта
March, Маршировать
mark, отметка
market, рынок
marketing, маркетинг
marriage, свадьба
married, женатый
marry, жениться
mass, масса
massive, массивный
master, владелец
match, соответствовать
matching, соответствие
material, материал
mathematics, математика
maths, математика
matter, иметь значение
maximum, максимум
May,Может
may, может
maybe, может быть
me, мне
meal, еда
mean, иметь в виду
meaning, значение
means, означает
meanwhile, тем временем
measure, мера
measurement, измерение
meat, мясо
media, СМИ
medical, медицинский
medicine, лекарство
medium, середина
meet, встретиться
meeting, встреча
melt, таять
member, член
memory, память
mental, умственный
mention, упомянуть
menu, меню
mess, беспорядок
message, сообщение
metal, металл
method, метод
metre, метр
middle, середина
midnight, полночь
might, мощь
mild, мягкий
mile, миля
military, военный
milk, молоко
million, миллион
mind, разум
mine, мой
mine, мой
mineral, минерал
minimum, минимум
minister, министр
minor, незначительный
minority, меньшинство
minute, минута
mirror, зеркало
miss, скучать
missing, отсутствующий
mission, миссия
mistake, ошибка
mix, смешивание
mixed, смешанный
mixture, смесь
mobile, мобильный
model, модель
modern, современный
modify, изменить
moment, момент
Monday, Понедельник
money, деньги
monitor, монитор
monkey, обезьяна
month, месяц
mood, настроение
moon, луна
moral, моральный
more, более
morning, утро
most, большинство
mostly, по большей части
mother, мать
motor, мотор
motorcycle, мотоцикл
mount, устанавливать
mountain, гора
mouse, мышь
mouth, рот
move, двигаться
movement, движение
movie, фильм
much, много
mud,грязь
multiple, несколько
multiply, умножить
mum, мама
murder, убийство
muscle, мышца
museum, музей
music, музыка
musical, музыкальный
musician, музыкант
must, должен
my, мой
myself, сам
mysterious, таинственный
mystery, тайна
nail, ноготь
name, имя
narrative, повествование
narrow, узкий
nation, нация
national, национальный
native, родной
natural, естественный
naturally, естественно
nature, природа
near, около
nearly, около
neat, аккуратный
necessarily, обязательно
necessary, необходимый
neck, шея
need, нуждаться
needle, иголка
negative, отрицательный
neighbour, сосед
neighbourhood, район
neither, ни один
nerve, нерв
nervous, нервный
net, сеть
network, сеть
never, никогда
nevertheless, тем не менее
new, новый
news, новости
newspaper, газета
next, следующий
next, следующий
nice, хороший
night, ночь
nightmare, кошмар
nine, девять
nineteen, девятнадцать
ninety, девяносто
no, нет
no, нет
nobody, никто
noise, шум
noisy, шумный
none, никто
nor, ни
normal, нормальный
normally, обычно
north, север
northern, северный
nose, нос
not, нет
note, примечание
nothing, ничего
notice, уведомление
notion, понятие
novel, роман
November, ноябрь
now, сейчас
nowhere, нигде
nuclear, ядерный
number, число
numerous, многочисленные
nurse, медсестра
nut, орех
obey, подчиняться
object,объект
objective, цель
obligation, обязательство
observation, наблюдение
observe, наблюдать
obtain, получать
obvious, очевидный
obviously, очевидно
occasion, случай
occasionally, изредка
occur, происходить
ocean, океан
o’clock, час
October, октябрь
odd, странный
of, из
off, выключенный
offence, правонарушение
offend, обидеть
offensive, оскорбительный
offer, предложение
office, офис
officer, офицер
official, официальный
often, часто
oh, ой
oil, масло
OK, ХОРОШО
old, старый
old-fashioned, старомодный
on, на
once, один раз
one, один
onion, лук
online, онлайн
only, только
onto, на
open, открыть
opening, открытие
operate, работать
operation, операция
opinion, мнение
opponent, противник
opportunity, возможность
oppose, выступать против
opposed, выступил против
opposite, противоположный
opposition, оппозиция
option, вариант
or, или
orange, апельсин
order, заказ
ordinary, обычный
organ, орган
organization, организация
organize, организовать
organized, организованный
organizer, организатор
origin, источник
original, оригинальный
originally, изначально
other, другой
otherwise, в противном случае
ought, должен
our, наш
ours, наш
ourselves, мы сами
out, вне
outcome, исход
outdoor, на открытом воздухе
outdoors, на открытом воздухе
outer, внешний
outline, контур
outside, снаружи
A, А
oven, печь
over, над
overall,общий
owe, быть должным
own, собственный
owner, владелец
pace, шаг
pack, пакет
package, упаковка
page, страница
pain, боль
painful, болезненный
paint, краска
painter, художник
painting, рисование
pair, пара
palace, дворец
pale, бледный
pan, кастрюля
panel, панель
pants, брюки
paper, бумага
paragraph, абзац
parent, родитель
park, парк
parking, стоянка
parliament, парламент
part, часть
participant, участник
participate, участвовать
particular, особый
particularly, особенно
partly, частично
partner, партнер
party, вечеринка
pass, проходить
passage, проход
passenger, пассажир
passion, страсть
passport, паспорт
past, прошлое
path, путь
patient, пациент
pattern, шаблон
pay, платить
payment, оплата
peace, мир
peaceful, мирный
pen, ручка
pencil, карандаш
penny, пенни
pension, пенсия
people, люди
pepper, перец
per, за
per, за
percentage, процент
perfect, идеальный
perfectly, отлично
perform, выполнять
performance, производительность
perhaps, возможно
period, период
permanent, постоянный
permission, разрешение
permit, разрешать
person, человек
personal, личный
personality, личность
personally, лично
perspective, перспектива
persuade, убеждать
pet, домашний питомец
petrol, бензин
phase, фаза
phenomenon, явление
philosophy, философия
phone, телефон
photo, фото
photograph,фотография
photographer, фотограф
photography, фотография
phrase, фраза
physical, физический
physics, физика
piano, пианино
pick, выбирать
picture, картина
piece, кусок
pig, свинья
pile, куча
pilot, пилот
pin, приколоть
pink, розовый
pipe, трубка
pitch, подача
place, место
plain, простой
plan, план
plane, самолет
planet, планета
planning, планирование
plant, растение
plastic, пластик
plate, тарелка
platform, платформа
play, играть
player, игрок
pleasant, приятный
please, пожалуйста
pleased, довольный
pleasure, удовольствие
plenty, множество
plot, сюжет
plus, плюс
pocket, карман
poem, стихотворение
poet, поэт
poetry, поэзия
point, точка
pointed, заостренный
poison, яд
poisonous, ядовитый
police, полиция
policeman, полицейский
policy, политика
polite, вежливый
political, политический
politician, политик
politics, политика
pollution, загрязнение
pool, бассейн
poor, бедный
pop, поп
popular, популярный
popularity, популярность
population, население
port, порт
portrait, портрет
pose, поза
position, позиция
positive, положительный
possess, владеть
possession, владение
possibility, возможность
possible, возможный
possibly, возможно
post, почта
poster, постер
pot, горшок
potato, картофель
potential, потенциал
pound, фунт
pour, налить
poverty, бедность
powder, пудра
power,власть
powerful, мощный
practical, практичный
practice, упражняться
practise, упражняться
praise, хвалить
pray, молиться
prayer, молитва
predict, предсказывать
prediction, прогноз
prefer, предпочитать
pregnant, беременная
preparation, подготовка
prepare, подготовить
prepared, готовый
presence, присутствие
present, подарок
presentation, презентация
preserve, сохранять
president, президент
press, нажимать
pressure, давление
pretend, притворяться
pretty, симпатичный
prevent, предотвращать
previous, предыдущий
previously, ранее
price, цена
priest, священник
primary, начальный
prime, основной
prince, принц
princess, принцесса
principle, принцип
print, печать
printer, принтер
printing, печать
priority, приоритет
prison, тюрьма
prisoner, заключенный
privacy, конфиденциальность
private, частный
prize, приз
probably, вероятно
problem, проблема
procedure, процедура
process, процесс
produce, производить
producer, производитель
product, продукт
production, производство
profession, профессия
professional, профессиональный
professor, профессор
profile, профиль
profit, выгода
program, программа
programme, программа
progress, прогресс
project, проект
promise, обещать
promote, продвигать
pronounce, произносить
proof, доказательство
proper, правильный
properly, правильно
property, свойство
proposal, предложение
propose, предложить
prospect, перспектива
protect, защищать
protection,защита
protest, протест
proud, гордый
prove, доказывать
provide, предоставлять
psychologist, психолог
psychology, психология
pub, паб
public, публичный
publication, публикация
publish, публиковать
pull, тянуть
punish, наказывать
punishment, наказание
pupil, ученик
purchase, покупка
pure, чистый
purple, фиолетовый
purpose, цель
pursue, преследовать
push, толкать
put, помещать
qualification, квалификация
qualified, квалифицированный
qualify, квалифицироваться
quality, качество
quantity, количество
quarter, четверть
queen, королева
question, вопрос
queue, очередь
quick, быстрый
quickly, быстро
quiet, тихий
quietly, тихо
quit, покидать
quite, довольно
quotation, цитата
quote, цитировать
race, раса
race, раса
racing, гонки
radio, радио
railway, железная дорога
rain, дождь
raise, поднимать
range, диапазон
rank, классифицировать
rapid, стремительный
rapidly, быстро
rare, редкий
rarely, редко
rate, ставка
rather, скорее
raw, сырой
reach, достигать
react, реагировать
reaction, реакция
read, читать
reader, читатель
reading, чтение
ready, готовый
real, настоящий
realistic, реалистичный
reality, реальность
realize, понимать
really, Действительно
reason, причина
reasonable, разумный
recall, отзывать
receipt, квитанция
receive, получать
recent, недавний
recently, недавно
reception, прием
recipe, рецепт
recognize, распознавать
recommend,рекомендовать
recommendation, рекомендация
record, записывать
recording, запись
recover, восстанавливаться
recycle, перерабатывать
red, красный
reduce, уменьшать
reduction, снижение
refer, ссылаться
reference, ссылка
reflect, отражать
refuse, мусор
regard, внимание
region, область
regional, региональный
register, зарегистрироваться
regret, сожалеть
regular, обычный
regularly, регулярно
regulation, регулирование
reject, отклонять
relate, иметь отношение к
related, связанный
relation, связь
relationship, отношение
relative, родственник
relatively, относительно
relax, расслабляться
relaxed, расслабленный
relaxing, расслабляющий
release, выпускать
relevant, соответствующий
reliable, надежный
relief, облегчение
religion, религия
religious, религиозный
rely, полагаться
remain, оставаться
remark, замечание
remember, помнить
remind, напоминать
remote, удаленный
remove, удалять
rent, арендовать
repair, ремонт
repeat, повторить
repeated, повторный
replace, заменять
reply, отвечать
report, отчет
reporter, репортер
represent, представлять
representative, представитель
reputation, репутация
request, запрос
require, требовать
requirement, требование
rescue, спасать
research, исследовать
researcher, исследователь
reservation, бронирование
reserve, бронировать
resident, резидент
resist, сопротивляться
resolve, решать
resort, прибегнуть
resource, ресурс
respect, уважать
respond, отвечать
response, ответ
responsibility,ответственность
responsible, ответственный
rest, отдых
rest, отдых
restaurant, ресторан
result, результат
retain, удерживать
retire, уходить в отставку
retired, ушедший на пенсию
return, возвращаться
reveal, раскрывать
review, обзор
revise, исправлять
revolution, революция
reward, награда
rhythm, ритм
rice, рис
rich, богатый
rid, избавлять
ride, поездка
right, верно
ring, кольцо
ring, кольцо
rise, рост
risk, риск
river, река
road, дорога
robot, робот
rock, камень
rock, камень
role, роль
roll, рулон
romantic, романтический
roof, крыша
room, комната
root, корень
rope, веревка
rough, грубый
round, круглый
route, маршрут
routine, рутина
row, ряд
royal, королевский
rub, руб
rubber, резина
rubbish, мусор
rude, грубый
rugby, регби
rule, правило
run, бегать
runner, бегун
running, бег
rural, деревенский
rush, торопиться
sad, грустно
sadly, грустно
safe, безопасный
safety, безопасность
sail, плыть
sailing, парусный спорт
sailor, моряк
salad, салат
salary, зарплата
sale, распродажа
salt, соль
same, такой же
sample, образец
sand, песок
sandwich, сэндвич
satellite, спутник
satisfied, удовлетворен
satisfy, удовлетворять
Saturday, Суббота
sauce, соус
save, сохранять
saving, экономия
say, сказать
scale, шкала
scan, сканировать
scared, испуганный
scary, страшный
scene, сцена
schedule, расписание
scheme, схема
school, школа
science,наука
scientific, научный
scientist, ученый
score, счет
scream, крик
screen, экран
script, сценарий
sculpture, скульптура
sea, море
search, поиск
season, сезон
seat, сиденье
second, второй
number, число
second, второй
secondary, вторичный
secondly, во-вторых
secret, секрет
secretary, секретарь
section, раздел
sector, сектор
secure, безопасный
security, безопасность
see, видеть
seed, семя
seek, искать
seem, казаться
select, выбирать
selection, выбор
self, себя
sell, продавать
send, отправлять
senior, старший
sense, смысл
sensible, разумный
sensitive, чувствительный
sentence, предложение
separate, отдельный
September, Сентябрь
sequence, последовательность
series, ряд
serious, серьезный
seriously, серьезно
servant, слуга
serve, служить
service, услуга
session, сессия
set, набор
set, набор
setting, параметр
settle, решить
seven, Семь
seventeen, семнадцать
seventy, семьдесят
several, несколько
severe, серьезный
sex, секс
sexual, сексуальный
shade, оттенок
shadow, тень
shake, встряхнуть
shall, должен
shallow, мелкий
shame, стыд
shape, форма
share, делиться
sharp, острый
she, она
sheep, овца
sheet, лист
shelf, полка
shell, оболочка
shelter, приют
shift, сдвиг
shine, светить
shiny, блестящий
ship, корабль
shirt, рубашка
shock, шок
shocked, шокирован
shoe, башмак
shoot, стрелять
shooting,стрельба
shop, магазин
shopping, шоппинг
short, короткий
shot, выстрелил
should, должен
shoulder, плечо
shout, кричать
show, показывать
shower, душ
shut, закрыть
shy, застенчивый
sick, больной
side, сторона
sight, взгляд
sign, знак
signal, сигнал
significant, значительный
significantly, существенно
silence, тишина
silent, тихий
silk, шелк
silly, глупый
silver, серебро
similar, похожий
similarity, сходство
similarly, сходным образом
simple, простой
simply, просто
since, с
sincere, искренний
sing, петь
singer, певец
singing, пение
single, одинокий
sink, раковина
sir, сэр
sister, сестра
sit, сидеть
site, сайт
situation, ситуация
six, шесть
sixteen, шестнадцать
sixty, шестьдесят
size, размер
ski, лыжи
skiing, катание на лыжах
skill, навык
skin, кожа
skirt, юбка
sky, небо
slave, раб
sleep, спать
slice, ломтик
slide, слайд
slight, небольшой
slightly, немного
slip, соскальзывать
slope, склон
slow, медленный
slowly, медленно
small, маленький
smart, умный
smartphone, смартфон
smell, запах
smile, улыбка
smoke, дым
smoking, курение
smooth, гладкий
snake, змея
snow, снег
so, так
soap, мыло
soccer, футбольный
social, социальный
society, общество
sock, носок
soft, мягкий
software, программное обеспечение
soil, земля
solar, солнечный
soldier, солдат
solid,твердый
solution, решение
solve, решать
some, некоторый
somebody, кто-нибудь
someone, кто-то
something, что-нибудь
sometimes, иногда
somewhat, несколько
somewhere, где-то
son, сын
song, песня
soon, скоро
sorry, извини
sort, сортировать
soul, душа
sound, звук
soup, суп
source, источник
south, юг
southern, южный
space, космос
speak, говорить
speaker, спикер
special, особенный
specialist, специалист
species, разновидность
specific, специфический
specifically, конкретно
speech, речь
speed, скорость
spell, заклинание
spelling, написание
spend, тратить
spending, расходы
spicy, пряный
spider, паук
spirit, дух
spiritual, духовный
split, расколоть
spoken, разговорный
sponsor, спонсор
spoon, ложка
sport, спорт
spot, место
spread, распространение
spring, весна
square, квадрат
stable, стабильный
stadium, стадион
staff, персонал
stage, этап
stair, лестница
stamp, штамп
stand, стоять
standard, стандартный
star, звезда
stare, смотреть
start, начинать
state, состояние
statement, заявление
station, станция
statistic, статистика
statue, статуя
status, статус
stay, оставаться
steady, устойчивый
steal, воровать
steel, сталь
steep, отвесный
step, шаг
stick, палка
stick, палка
sticky, липкий
stiff, жесткий
still, все еще
stock, запас
stomach, желудок
stone, камень
stop, останавливаться
store,магазин
storm, шторм
story, история
straight, прямой
strange, странный
stranger, незнакомец
strategy, стратегия
stream, транслировать
street, улица
strength, сила
stress, стресс
stretch, потягиваться
strict, строгий
strike, ударять
string, нить
strong, сильный
strongly, сильно
structure, структура
struggle, борьба
student, студент
studio, студия
study, изучать
stuff, вещи
stupid, глупый
style, стиль
subject, предмет
submit, представлять на рассмотрение
substance, вещество
succeed, преуспевать
success, успех
successful, успешный
successfully, успешно
such, такой
sudden, внезапный
suddenly, внезапно
suffer, страдать
sugar, сахар
suggest, предлагать
suggestion, предположение
suit, подходить
suitable, подходящий
sum, сумма
summarize, подвести итог
summary, краткое содержание
summer, лето
sun, солнце
Sunday, Воскресенье
supermarket, супермаркет
supply, поставлять
support, поддерживать
supporter, сторонник
suppose, предполагать
sure, конечно
surely, конечно
surface, поверхность
surgery, операция
surprise, сюрприз
surprised, удивлен
surprising, удивительно
surround, окружать
surrounding, окружающий
survey, опрос
survive, выживать
suspect, подозревать
swear, ругаться
sweater, свитер
sweep, мести
sweet, сладкий
swim, плавать
swimming, плавание
switch, выключатель
symbol, символ
sympathy, сочувствие
symptom, симптом
system,система
table, стол
tablet, планшет
tail, хвост
take, брать
tale, сказка
talent, талант
talented, талантливый
talk, разговаривать
tall, высокий
tank, танк
tape, лента
target, цель
task, задача
taste, вкус
tax, налог
taxi, такси
tea, чай
teach, учить
teacher, учитель
teaching, преподавание
team, команда
tear, рвать
tear, рвать
technical, технический
technique, техника
technology, технология
teenage, подростковый
teenager, подросток
telephone, телефон
television, телевидение
tell, рассказывать
temperature, температура
temporary, временный
ten, десять
tend, иметь тенденцию
tennis, теннис
tent, палатка
term, срок
terrible, ужасный
test, тест
text, текст
than, чем
thank, благодарить
thanks, Спасибо
that, что
the,
theatre, театр
their, их
theirs, их
them, их
theme, тема
themselves, сами себя
then, затем
theory, теория
therapy, терапия
there, там
therefore, поэтому
they, они
thick, толстый
thief, вор
thin, тонкий
thing, вещь
think, думать
thinking, думая
third, третий
thirsty, испытывающий жажду
thirteen, тринадцать
thirty, тридцать
this, этот
though, хотя
thought, мысль
thousand, тысяча
threat, угроза
threaten, угрожать
three, три
throat, горло
through, через
throughout, через
throw, бросать
Thursday, Четверг
thus,таким образом
ticket, билет
tidy, аккуратный
tie, галстук
tight, тугой
till, до
time, время
tin, олово
tiny, крошечный
tip, кончик
tired, усталый
title, заголовок
to, к
today, сегодня
toe, палец на ноге
together, вместе
toilet, туалет
tomato, помидор
tomorrow, завтра
tone, тон
tongue, язык
tonight, сегодня вечером
too, слишком
tool, инструмент
tooth, зуб
top, вершина
topic, тема
total, общий
totally, полностью
touch, трогать
tough, жесткий
tour, тур
tourism, туризм
tourist, турист
towards, к
towel, полотенце
tower, башня
town, город
toy, игрушка
track, отслеживать
trade, торговля
tradition, традиция
traditional, традиционный
traffic, трафик
train, тренироваться
trainer, тренер
training, обучение
transfer, передача
transform, трансформировать
transition, переход
translate, переводить
translation, перевод
transport, транспорт
travel, путешествовать
traveller, путешественник
treat, обращаться
treatment, уход
tree, дерево
trend, тенденция
trial, пробный
trick, обманывать
trip, путешествие
tropical, тропический
trouble, беда
trousers, брюки
truck, грузовик
TRUE,TRUE
truly, действительно
trust, доверять
truth, правда
try, пытаться
T-shirt, футболка
tube, трубка
Tuesday, Вторник
tune, мелодия
tunnel, туннель
turn, повернуть
TV, ТВ
twelve, двенадцать
twenty, двадцать
twice, дважды
twin, близнец
two,два
type, тип
typical, типичный
typically, типично
tyre, шина
ugly, уродливый
ultimately, в конечном счете
umbrella, зонтик
unable, не могущий
uncle, дядя
uncomfortable, неудобно
unconscious, бессознательный
under, под
underground, под землей
understand, понимать
understanding, понимание
underwear, нижнее белье
unemployed, безработный
unemployment, безработица
unexpected, непредвиденный
unfair, несправедливый
unfortunately, к сожалению
unhappy, несчастный
uniform, униформа
union, союз
unique, уникальный
unit, единица
united, объединенный
universe, вселенная
university, университет
unknown, неизвестный
unless, пока не
unlike, в отличие от
unlikely, маловероятно
unnecessary, ненужный
unpleasant, неприятный
until, до
unusual, необычный
up, вверх
update, обновлять
upon, на
upper, верхний
upset, расстройство
upstairs, наверху
upwards, вверх
urban, городской
urge, побуждать
us, нас
use, использовать
used, использовал
used, использовал
used, использовал
useful, полезный
user, пользователь
usual, обычный
usually, обычно
vacation, отпуск
valley, долина
valuable, ценный
value, ценить
van, фургон
variety, разнообразие
various, различный
vary, отличаться
vast, огромный
vegetable, овощ
vehicle, транспортное средство
venue, место проведения
version, версия
very, очень
via, с помощью
victim, жертва
victory, победа
video, видео
view, вид
viewer, зритель
village, деревня
violence,насилие
violent, жестокий
virtual, виртуальный
virus, вирус
vision, зрение
visit, посещать
visitor, посетитель
visual, визуальный
vital, жизненно важный
vitamin, витамин
voice, голос
volume, объем
volunteer, доброволец
vote, голосование
wage, заработная плата
wait, ждать
waiter, официант
wake, будить
walk, ходить
wall, стена
want, хотеть
war, война
warm, теплый
warn, предупреждать
warning, предупреждение
wash, стирать
washing, стирка
waste, напрасно тратить
watch, смотреть
water, вода
wave, волна
way, способ
we, мы
weak, слабый
weakness, слабость
wealth, богатство
wealthy, богатый
weapon, оружие
wear, носить
weather, погода
web, веб
website, веб-сайт
wedding, свадьба
Wednesday, Среда
week, неделя
weekend, выходные
weigh, весить
weight, масса
welcome, добро пожаловать
well, хорошо
west, запад
western, западный
wet, влажный
what, что
whatever, что бы ни
wheel, колесо
when, когда
whenever, в любое время
where, где
whereas, тогда как
wherever, где бы то ни было
whether, ли
which, который
while, пока
whisper, шепот
white, белый
who, ВОЗ
whole, весь
whom, кому
whose, чей
why, почему
wide, широкий
widely, широко
wife, жена
wild, дикий
wildlife, дикая природа
will, воля
willing, готовый
win, победить
wind, ветер
wind, ветер
window, окно
wine, вино
wing, крыло
winner,победитель
winter, зима
wire, проволока
wise, мудрый
wish, желание
with, с
within, в пределах
without, без
witness, свидетель
woman, женщина
wonder, удивляться
wonderful, замечательный
wood, древесина
wooden, деревянный
wool, шерсть
word, слово
work, работа
worker, работник
working, работающий
world, мир
worldwide, во всем мире
worried, волновался
worry, волноваться
worse, худший
worst, худший
worth, ценность
would, бы
wound, ранить
wow, ух ты
wrap, сворачивать
write, писать
writer, писатель
writing, письмо
written, написано
wrong, неправильный
yard, площадка
yeah, ага
year, год
yellow, желтый
yes, да
yesterday, вчера
yet, еще
you, ты
young, молодой
your, твой
yours, твой
yourself, сам
youth, молодость
zero, ноль
zone, зона
abolish, отменять
abortion, аборт
absence, отсутствие
absent, отсутствующий
absorb, поглощать
abstract, абстрактный
absurd, абсурдный
abundance, избыток
abuse, злоупотреблять
academy, академия
accelerate, ускорить
accent, акцент
acceptance, принятие
accessible, доступный
accidentally, случайно
accommodate, разместить
accomplish, выполнить
accomplishment, достижение
accordance, соответствие
accordingly, соответственно
accountability, подотчетность
accountable, подотчетный
accountant, бухгалтер
accumulate, накапливать
accumulation, накопление
accuracy,точность
accurately, точно
accusation, обвинение
accused, обвиняемый
acid, кислота
acquisition, приобретение
acre, акр
activate, активировать
activation, активация
activist, активист
acute, острый
adaptation, приспособление
addiction, зависимость
additionally, кроме того
adequate, адекватный
adequately, адекватно
adhere, придерживаться
adjacent, соседний
adjust, регулировать
adjustment, корректирование
administer, администрировать
administrative, административный
administrator, администратор
admission, допуск
adolescent, подросток
adoption, принятие
adverse, неблагоприятный
advocate, защитник
aesthetic, эстетический
affection, привязанность
affordable, доступный
aftermath, последствия
aggression, агрессия
agricultural, сельскохозяйственный
agriculture, сельское хозяйство
aide, помощник
AIDS, СПИД
albeit, хотя
alert, тревога
alien, чужак
align, выровнять
alignment, выравнивание
alike, одинаково
allegation, утверждение
allege, утверждают
allegedly, якобы
alliance, альянс
allocate, выделять
allocation, распределение
allowance, разрешение
ally, союзник
alongside, рядом
altogether, в целом
aluminium, алюминий
amateur, любитель
ambassador, посол
ambulance, скорая помощь
amend, исправлять
amendment, поправка
amid, среди
amusing, занимательный
analogy, аналогия
analyst, аналитик
ancestor, предок
anchor, якорь
angel, ангел
animation, анимация
annually, ежегодно
anonymous,анонимный
anticipate, предвидеть
anxiety, беспокойство
apology, извинение
apparatus, аппарат
appealing, привлекательный
appetite, аппетит
applaud, аплодировать
applicable, применимый
applicant, заявитель
appoint, назначать
appreciation, признательность
appropriately, соответствующим образом
arbitrary, произвольный
architectural, архитектурный
archive, архив
arena, арена
arguably, возможно
arm, рука
array, множество
arrow, стрелка
articulate, артикулировать
artwork, произведение искусства
ash, пепел
aside, в сторону
aspiration, стремление
aspire, стремиться
assassination, убийство
assault, атаковать
assemble, собрать
assembly, сборка
assert, утверждать
assertion, утверждение
asset, объект
assign, назначать
assistance, помощь
assumption, предположение
assurance, уверенность
assure, гарантировать
astonishing, удивительный
asylum, убежище
atrocity, зверство
attachment, вложение
attain, достичь
attendance, посещаемость
attorney, адвокат
attribute, атрибут
auction, аукцион
audio, аудио
audit, аудит
authentic, аутентичный
authorize, авторизовать
auto, авто
automatic, автоматический
automatically, автоматически
autonomy, автономия
availability, доступность
await, ждать
awareness, осведомленность
awkward, неуклюжий
backdrop, фон
backing, поддержка
backup, резервное копирование
badge, значок
bail, залог
balanced, сбалансированный
ballet, балет
balloon, воздушный шар
ballot, бюллетень для голосования
banner, баннер
bare,голый
barely, едва
bargain, торговаться
barrel, бочка
basement, подвал
basket, корзина
bass, бас
bat, летучая мышь
battlefield, поле битвы
bay, залив
beam, луч
beast, зверь
behalf, от имени
beloved, возлюбленный
bench, лавка
benchmark, бенчмарк
beneath, под
beneficial, выгодный
beneficiary, бенефициар
beside, рядом
besides, кроме
betray, предавать
bias, предвзятость
bid, делать ставку
bind, связывать
biography, биография
biological, биологический
bishop, епископ
bizarre, странный
blade, лезвие
blanket, одеяло
blast, взрыв
bleed, кровоточить
blend, смешивать
bless, благословить
blessing, благословение
blow, дуть
boast, хвастаться
bold, смелый
bombing, бомбардировка
bonus, бонус
booking, бронирование
boom, бум
boost, способствовать росту
bounce, подпрыгивать
bound, граница
boundary, граница
bow, поклон
breach, нарушение
breakdown, авария
breakthrough, прорыв
breed, порода
brick, кирпич
briefly, кратко
broadband, широкополосный
broadcaster, вещатель
broadly, в целом
browser, браузер
brutal, жестокий
buck, доллар
buddy, приятель
buffer, буфер
bug, ошибка
bulk, масса
burden, груз
bureaucracy, бюрократия
burial, захоронение
burst, лопаться
cabin, кабина
cabinet, кабинет
calculation, расчет
canal, канал
candle, свеча
canvas, холст
capability, способность
capitalism, капитализм
capitalist, капиталистический
carbon,углерод
cargo, груз
carriage, перевозка
carve, вырезать
casino, казино
casual, повседневный
casualty, несчастный случай
catalogue, каталог
cater, обслуживать
cattle, крупный рогатый скот
caution, осторожность
cautious, осторожный
cave, пещера
cease, прекратить
cemetery, кладбище
certainty, уверенность
certificate, сертификат
challenging, испытывающий
chamber, камера
championship, чемпионат
chaos, хаос
characterize, характеризовать
charm, очарование
charming, очаровательный
charter, устав
chase, гнаться
cheek, щека
cheer, радость
choir, хор
chop, нарезать
chronic, хронический
chunk, кусок
circuit, схема
circulate, циркулировать
circulation, циркуляция
citizenship, гражданство
civic, гражданский
civilian, гражданский
civilization, цивилизация
clarify, объяснить
clarity, ясность
clash, столкновение
classification, классификация
classify, классифицировать
clerk, клерк
cliff, утес
cling, цепляться
clinic, клиника
clinical, клинический
clip, клип
closure, закрытие
cluster, кластер
coalition, коалиция
coastal, прибрежный
cocktail, коктейль
cognitive, когнитивный
coincide, совпадают
coincidence, совпадение
collaborate, сотрудничать
collaboration, сотрудничество
collective, коллектив
collector, коллекционер
collision, столкновение
colonial, колониальный
colony, колония
colourful, красочный
columnist, обозреватель
combat, бой
comic, комический
commander, командир
commence,начать
commentary, комментарий
commentator, комментатор
commerce, коммерция
commissioner, комиссар
commodity, товар
communist, коммунист
companion, компаньон
comparable, сопоставимый
comparative, сравнительный
compassion, сострадание
compel, заставлять
compelling, неотразимый
compensate, компенсировать
compensation, компенсация
competence, компетентность
competent, компетентный
compile, компилировать
complement, дополнять
completion, завершение
complexity, сложность
compliance, согласие
complication, осложнение
comply, исполнять
compose, сочинять
composer, композитор
composition, состав
compound, сложный
comprehensive, всесторонний
comprise, включают в себя
compromise, компромисс
compulsory, принудительный
compute, вычислить
conceal, скрыть
concede, уступить
conceive, зачать
conception, зачатие
concession, концессия
concrete, конкретный
condemn, осуждать
confer, присуждать
confess, признаваться
confession, признание
configuration, конфигурация
confine, ограничивать
confirmation, подтверждение
confront, противостоять
confrontation, конфронтация
confusion, путаница
congratulate, поздравляю
congregation, конгрегация
congressional, конгрессмен
conquer, завоевывать
conscience, совесть
consciousness, сознание
consecutive, последовательный
consensus, консенсус
consent, согласие
consequently, следовательно
conservation, сохранение
conserve, сохранять
considerable, значительный
considerably,значительно
consistency, последовательность
consistently, последовательно
consolidate, консолидировать
conspiracy, заговор
constituency, избирательный округ
constitute, составляют
constitution, конституция
constitutional, конституционный
constraint, ограничение
consult, проконсультироваться
consultant, консультант
consultation, консультация
consumption, потребление
contemplate, созерцать
contempt, презрение
contend, утверждают
contender, претендент
content, содержание
contention, разногласие
continually, постоянно
contractor, подрядчик
contradiction, противоречие
contrary, вопреки
contributor, участник
controversial, спорный
controversy, противоречие
convenience, удобство
convention, соглашение
conventional, общепринятый
conversion, конверсия
convey, передавать
convict, осуждённый
conviction, убеждение
convincing, убедительный
cooperate, сотрудничать
cooperative, кооперативный
coordinate, координата
coordination, координация
coordinator, координатор
cop, коп
cope, справляться
copper, медь
copyright, авторское право
corporation, корпорация
correction, исправление
correlate, коррелировать
correlation, корреляция
correspond, соответствовать
correspondence, переписка
correspondent, корреспондент
corresponding, соответствующий
corridor, коридор
corrupt, коррумпированный
corruption, коррупция
costly, дорогостоящий
councillor, советник
counselling, консультирование
counsellor, консультант
counter, прилавок
counter, прилавок
counterpart, коллега
countless,бесчисленное множество
coup, переворот
courtesy, учтивость
coverage, покрытие
crack, трескаться
craft, ремесло
crawl, ползти
creativity, креативность
creator, создатель
credibility, доверие
credible, заслуживающий доверия
creep, слизняк
critically, критически
critique, критика
crown, корона
crude, сырой
cruise, круиз
crush, раздавить
crystal, кристалл
cue, кий
cult, культ
cultivate, культивировать
curiosity, любопытство
curious, любопытный
curriculum, учебный план
custody, попечение
cute, милый
cutting, резка
cynical, циничный
dairy, молочный
dam, плотина
damaging, разрушительный
dare, сметь
darkness, тьма
database, база данных
dawn, рассвет
deadline, крайний срок
deadly, смертельный
dealer, дилер
debris, обломки
debut, дебют
decision-making, принятие решений
decisive, решительный
deck, палуба
declaration, декларация
dedicated, преданный
dedication, преданность
deed, поступок
deem, считаем
default, по умолчанию
defect, дефект
defender, защитник
defensive, оборонительный
deficiency, дефицит
deficit, дефицит
defy, бросать вызов
delegate, делегат
delegation, делегация
delete, удалить
delicate, деликатный
democracy, демократия
democratic, демократический
demon, демон
demonstration, демонстрация
denial, отрицание
denounce, денонсировать
dense, плотный
density, плотность
depart, отходить
dependence, зависимость
dependent, зависимый
depict, изображать
deploy, развертывать
deployment,развертывание
deposit, депозит
depression, депрессия
deprive, лишать
deputy, заместитель
derive, выводить
descend, спускаться
descent, спуск
designate, назначать
desirable, желательно
desktop, рабочий стол
desperately, отчаянно
destruction, разрушение
destructive, разрушительный
detain, задерживать
detection, обнаружение
detention, задержание
deteriorate, ухудшаться
determination, определение
devastate, опустошать
devil, дьявол
devise, изобретать
devote, посвящать
diagnose, диагностировать
diagnosis, диагноз
dictate, диктовать
dictator, диктатор
differ, отличаются
differentiate, дифференцировать
dignity, достоинство
dilemma, дилемма
dimension, измерение
diminish, уменьшать
dip, окунать
diplomat, дипломат
diplomatic, дипломатический
directory, каталог
disability, инвалидность
disabled, неполноценный
disagreement, несогласие
disappoint, разочаровать
disappointment, разочарование
disastrous, катастрофический
discard, отказаться
discharge, увольнять
disclose, раскрывать
disclosure, раскрытие информации
discourage, обескураживать
discourse, дискурс
discretion, осмотрительность
discrimination, дискриминация
dismissal, увольнение
disorder, расстройство
displace, вытеснять
disposal, утилизация
dispose, распоряжаться
dispute, спор
disrupt, нарушать
disruption, нарушение
dissolve, растворяться
distant, далекий
distinct, отчетливый
distinction, различие
distinctive, отличительный
distinguish, различать
distort,искажать
distract, отвлекать
distress, бедствие
disturb, беспокоить
disturbing, тревожный
dive, нырять
diverse, разнообразный
diversity, разнообразие
divert, отвлекать
divine, божественный
divorce, развод
doctrine, доктрина
documentation, документация
domain, домен
dominance, доминирование
dominant, доминирующий
donation, пожертвование
donor, донор
dose, доза
dot, точка
downtown, центр города
drain, осушать
dramatically, драматически
drift, дрейф
driving, вождение
drought, засуха
drown, тонуть
dual, двойной
dub, дубляж
dull, тупой
dumb, тупой
dump, свалка
duo, дуэт
duration, продолжительность
dynamic, динамический
eager, жаждущий
earnings, заработок
ease, простота
echo, эхо
ecological, экологический
economics, экономика
economist, экономист
editorial, редакционная статья
educator, педагог
effectiveness, эффективность
efficiency, эффективность
efficiently, эффективно
ego, эго
elaborate, разрабатывать
elbow, локоть
electoral, избирательный
electronics, электроника
elegant, элегантный
elementary, элементарный
elevate, возвышать
eligible, имеющий право
eliminate, устранять
elite, элита
embark, встать на якорь
embarrassment, смущение
embassy, посольство
embed, вставлять
embody, воплощать
embrace, объятие
emergence, возникновение
emission, эмиссия
emotionally, эмоционально
empire, империя
empirical, эмпирический
empower, уполномочить
enact, принять
encompass, охватывать
encouragement, поощрение
encouraging,поощрение
endeavour, стараться
endless, бесконечный
endorse, одобрять
endorsement, поддержка
endure, терпеть
enforce, обеспечивать соблюдение
enforcement, исполнение
engagement, обручение
engaging, увлекательный
enjoyable, приятный
enquire, запросить
enrich, обогащать
enrol, зарегистрироваться
ensue, последовать
enterprise, предприятие
entertaining, развлекательный
enthusiast, энтузиаст
entitle, давать право
entity, сущность
entrepreneur, предприниматель
envelope, конверт
epidemic, эпидемия
equality, равенство
equation, уравнение
equip, оборудовать
equivalent, эквивалент
era, эра
erect, прямостоячий
erupt, извергаться
escalate, обострять
essence, сущность
essentially, по сути
establishment, учреждение
eternal, вечный
ethic, этика
ethnic, этнический
evacuate, эвакуируюсь
evaluation, оценка
evident, очевидный
evoke, вызывать
evolution, эволюция
evolutionary, эволюционный
evolve, эволюционировать
exaggerate, преувеличивать
exceed, превосходить
excellence, совершенство
exception, исключение
exceptional, исключительный
excess, избыток
excessive, излишний
exclude, исключать
exclusion, исключение
exclusive, эксклюзивный
exclusively, исключительно
execute, выполнять
execution, исполнение
exert, оказывать
exhibit, экспонат
exile, изгнание
exit, Выход
exotic, экзотический
expansion, расширение
expenditure, расходы
experimental, экспериментальный
expertise, экспертиза
expire, истекает
explicit, явный
explicitly,явно
exploit, эксплуатировать
exploitation, эксплуатация
explosive, взрывчатое вещество
exposure, контакт
extension, расширение
extensive, обширный
extensively, экстенсивно
extract, извлекать
extremist, экстремистский
fabric, ткань
fabulous, поразительнй
facilitate, способствовать
faction, фракция
faculty, факультет
fade, тускнеть
failed, неуспешный
fairness, справедливость
fake, фальшивый
fame, слава
fantasy, фантастика
fare, плата за проезд
fatal, фатальный
fate, судьба
favourable, благоприятный
feat, подвиг
federal, федеральный
feminist, феминистка
fever, высокая температура
fibre, волокно
fierce, яростный
film-maker, кинорежиссер
filter, фильтр
fine, отлично
firearm, огнестрельное оружие
firefighter, пожарный
firework, фейерверк
firm, твердый
firmly, твердо
fit, соответствовать
fixture, приспособление
flavour, вкус
flaw, недостаток
flawed, несовершенный
flee, бежать
fleet, флот
flesh, плоть
flexibility, гибкость
flourish, процветать
fluid, жидкость
fond, любящий
fool, дурак
footage, отснятый материал
forbid, запрещать
forecast, прогноз
foreigner, иностранец
forge, кузница
format, формат
formation, формирование
formerly, раньше
formula, формула
formulate, формулировать
forth, вперед
forthcoming, предстоящий
fortunate, повезло
forum, форум
fossil, ископаемое
foster, взращивать
foundation, фундамент
founder, основатель
fraction, дробь
fragile, хрупкий
fragment, фрагмент
framework, рамки
franchise, франшиза
frankly, честно говоря
fraud,мошенничество
freely, свободно
frequent, частый
frustrated, расстроенный
frustrating, раздражающий
frustration, разочарование
fulfil, выполнить
full-time, на постоянной основе
functional, функциональный
fundamentally, принципиально
fundraising, сбор средств
funeral, похороны
furious, яростный
gallon, галлон
gambling, играть в азартные игры
gaming, игровой
gathering, встреча
gay, гей
gaze, взгляд
gear, механизм
gender, пол
gene, ген
generic, общий
genetic, генетический
genius, гений
genocide, геноцид
genuine, подлинный
genuinely, искренне
gesture, жест
gig, концерт
glance, взглянуть мельком
glimpse, случайно заметить
globalization, глобализация
globe, глобус
glorious, славный
glory, слава
golden, золотой
goodness, доброта
gorgeous, великолепный
governance, управление
governor, губернатор
grace, милость
graphic, графический
graphics, графика
grasp, понять
grave, могила
grave, могила
gravity, гравитация
greatly, в значительной степени
greenhouse, теплица
grid, сетка
grief, горе
grin, ухмылка
grind, молоть
grip, схватить
grocery, бакалея
gross, валовой
guerrilla, партизан
guidance, руководство
guideline, руководство
guilt, вина
gut, кишка
habitat, среда обитания
hail, град
halfway, наполовину
halt, остановка
handful, горстка
handling, умение обращаться
handy, удобный
harassment, домогательство
harbour, гавань
hardware, аппаратное обеспечение
harmony, гармония
harsh, жесткий
harvest, урожай
hatred,ненависть
haunt, преследовать
hazard, опасность
headquarters, штаб-квартира
heal, лечить
healthcare, здравоохранение
heighten, усиливать
helmet, шлем
hence, следовательно
herb, трава
heritage, наследство
hidden, скрытый
hierarchy, иерархия
high-profile, высококлассный
highway, шоссе
hilarious, веселый
hint, намекать
hip, бедро
historian, историк
homeland, родина
homeless, бездомный
honesty, честность
hook, крюк
hopeful, обнадеживающий
hopefully, с надеждой
horizon, горизонт
horn, рог
hostage, заложник
hostile, враждебный
hostility, враждебность
humanitarian, гуманитарный
humanity, человечество
humble, скромный
hunger, голод
hydrogen, водород
hypothesis, гипотеза
icon, икона
ID, ИДЕНТИФИКАТОР
identical, идентичный
identification, идентификация
ideological, идеологический
ideology, идеология
idiot, идиот
ignorance, невежество
illusion, иллюзия
imagery, образы
immense, огромный
immigration, иммиграция
imminent, неизбежный
immune, иммунный
implement, осуществлять
implementation, выполнение
implication, импликация
imprison, сажать в тюрьму
imprisonment, тюремное заключение
inability, неспособность
inadequate, неадекватный
inappropriate, неприличный
incentive, стимул
incidence, заболеваемость
inclined, наклонный
inclusion, включение
incorporate, включить
incorrect, неправильный
incur, нести
independence, независимость
index, индекс
indication, указание
indicator,индикатор
indictment, обвинительный акт
indigenous, местный
induce, вызывать
indulge, предаваться
inequality, неравенство
inevitable, неизбежный
inevitably, неизбежно
infamous, позорный
infant, младенец
infect, заражать
infer, вывести
inflation, инфляция
inflict, наносить
influential, влиятельный
info, информация
infrastructure, инфраструктура
inhabitant, житель
inherent, присущий
inherit, наследовать
inhibit, подавлять
initiate, инициировать
inject, вводить
injection, инъекция
injustice, несправедливость
ink, чернила
inmate, заключенный
innovation, инновации
innovative, инновационный
input, вход
insert, вставлять
insertion, вставка
insider, инсайдер
inspect, осмотреть
inspection, осмотр
inspector, инспектор
inspiration, вдохновение
installation, установка
instant, мгновенный
instantly, немедленно
instinct, инстинкт
institutional, институциональный
instruct, инструктировать
instrumental, инструментальный
insufficient, недостаточный
insult, оскорблять
intact, нетронутый
intake, потребление
integral, интеграл
integrate, интегрировать
integrated, интегрированный
integration, интеграция
integrity, честность
intellectual, интеллектуальный
intensify, усиливать
intensity, интенсивность
intensive, интенсивный
intent, намерение
interact, взаимодействовать
interaction, взаимодействие
interactive, интерактивный
interface, интерфейс
interfere, вмешиваться
interference, вмешательство
interim, временный
interior, интерьер
intermediate,средний
interpretation, интерпретация
interval, интервал
intervene, вмешиваться
intervention, вмешательство
intimate, интимный
intriguing, интригующий
invade, вторгаться
invasion, вторжение
investigator, следователь
investor, инвестор
invisible, невидимый
invoke, вызывать
involvement, участие
ironic, ироничный
ironically, по иронии судьбы
irony, ирония
irrelevant, не имеющий отношения
isolate, изолировать
isolated, изолированный
isolation, изоляция
jail, тюрьма
jet, струя
joint, соединение
journalism, журналистика
judicial, судебный
junction, перекресток
jurisdiction, юрисдикция
jury, жюри
just,только
justification, оправдание
kidnap, похищать
kidney, почка
kingdom, королевство
kit, набор
lad, парень
ladder, лестница
landing, посадка
landlord, домовладелец
landmark, достопримечательность
lane, переулок
lap, колени
large-scale, крупномасштабный
laser, лазер
lately, недавно
latter, последний
lawn, лужайка
lawsuit, судебный процесс
layout, макет
leaflet, листовка
leak, утечка
leap, прыгнуть
legacy, наследие
legend, легенда
legendary, легендарный
legislation, законодательство
legislative, законодательный
legislature, законодательный орган
legitimate, законный
lengthy, длинный
lens, линза
lesbian, лесбиянка
lesser, меньший
lethal, смертельный
liable, ответственный
liberal, либеральный
liberation, освобождение
liberty, свобода
license, лицензия
lifelong, пожизненный
lifetime, продолжительность жизни
lighting, освещение
likelihood,вероятность
likewise, так же
limb, конечность
limitation, ограничение
linear, линейный
line-up, расстановка
linger, задерживаться
listing, листинг
literacy, грамотность
literally, буквально
literary, литературный
litre, литр
litter, мусор
liver, печень
lobby, лобби
log, бревно
logic, логика
logo, логотип
long-standing, давний
long-time, много времени
loom, ткацкий станок
loop, петля
lottery, лотерея
loyal, лояльный
loyalty, верность
lyric, лирический
machinery, машины
magical, волшебный
magistrate, магистрат
magnetic, магнитный
magnificent, великолепный
magnitude, величина
mainland, материк
mainstream, мейнстрим
maintenance, обслуживание
make-up, составить
making, изготовление
mandate, мандат
mandatory, обязательный
manifest, манифест
manipulate, манипулировать
manipulation, манипуляция
manufacture, производство
manufacturing, производство
manuscript, рукопись
marathon, марафон
march, маршировать
margin, допуск
marginal, маргинальный
marine, морской
marker, маркер
marketplace, рынок
martial, боевые
mask, маска
massacre, резня
mate, приятель
mathematical, математический
mature, зрелый
maximize, максимизировать
mayor, мэр
meaningful, значимый
meantime, тем временем
mechanic, механик
mechanical, механический
mechanism, механизм
medal, медаль
medication, медикамент
medieval, средневековый
meditation, медитация
melody, мелодия
membership,членство
memo, меморандум
memoir, мемуары
memorable, памятный
memorial, мемориал
mentor, наставник
merchant, торговец
mercy, милосердие
mere, просто
merely, просто
merge, слияние
merger, слияние
merit, заслуга
metaphor, метафора
methodology, методология
midst, середина
migration, миграция
militant, воинствующий
militia, милиция
mill, мельница
miner, шахтер
minimal, минимальный
minimize, минимизировать
mining, добыча
ministry, министерство
minute, минута
miracle, чудо
miserable, убогий
misery, невзгоды
misleading, вводящий в заблуждение
missile, ракета
mob, толпа
mobility, мобильность
mobilize, мобилизовать
mode, режим
moderate, умеренный
modest, скромный
modification, модификация
momentum, импульс
monk, монах
monopoly, монополия
monster, монстр
monthly, ежемесячно
monument, памятник
morality, мораль
moreover, более того
mortgage, ипотека
mosque, мечеть
motion, движение
motivate, мотивировать
motivation, мотивация
motive, мотив
motorist, автомобилист
moving, движущийся
municipal, муниципальный
mutual, взаимный
myth, миф
naked, голый
namely, а именно
nasty, противный
nationwide, по всей стране
naval, военно-морской
navigation, навигация
nearby, рядом
necessity, необходимость
neglect, пренебрегать
negotiate, вести переговоры
negotiation, переговоры
neighbouring, соседний
nest, гнездо
net, сеть
neutral, нейтральный
newly, недавно
newsletter, информационный бюллетень
niche, ниша
noble,благородный
nod, кивок
nominate, номинировать
nomination, номинация
nominee, номинант
nonetheless, тем не менее
non-profit, некоммерческий
nonsense, ерунда
noon, полдень
norm, норма
notable, заметный
notably, в частности
notebook, блокнот
notify, уведомить
notorious, печально известный
novel, роман
novelist, романист
nowadays, настоящее время
nursery, питомник
nursing, сестринское дело
nutrition, питание
obesity, ожирение
objection, возражение
oblige, обязывать
observer, наблюдатель
obsess, одержимость
obsession, одержимость
obstacle, препятствие
occasional, случайный
occupation, занятие
occupy, занимают
occurrence, возникновение
odds, шансы
offender, преступник
offering, предлагая
offspring, потомство
ongoing, непрерывный
openly, открыто
opera, опера
operational, оперативный
operator, оператор
opt, выбрать
optical, оптический
optimism, оптимизм
optimistic, оптимистичный
oral, устный
orchestra, оркестр
organic, органический
organizational, организационный
orientation, ориентация
originate, зарождаться
outbreak, вспышка
outfit, одежда
outing, вылазка
outlet, выход
outlook, перспективы
output, выход
outrage, возмущение
outsider, аутсайдер
outstanding, выдающийся
overcome, преодолеть
overlook, упускать из виду
overly, чрезмерно
overnight, на ночь
overseas, за границей
oversee, контролировать
overturn, переворачивать
overwhelm, подавлять
overwhelming, подавляющий
ownership, собственность
oxygen, кислород
packet,пакет
pad, прокладка
palm, ладонь
panic, паника
parade, парад
parallel, параллельный
parameter, параметр
parental, родительский
parish, приход
parliamentary, парламентский
partial, частичный
partially, частично
participation, участие
partnership, партнерство
part-time, неполная занятость
passing, прохождение
passionate, страстный
passive, пассивный
password, пароль
pastor, пастор
patch, пластырь
patent, патент
pathway, тропа
patience, терпение
patrol, патруль
patron, покровитель
pause, пауза
peak, пик
peasant, крестьянин
peculiar, своеобразный
peer, вглядеться
penalty, штраф
perceive, воспринимать
perception, восприятие
permanently, постоянно
persist, сопротивляться
persistent, настойчивый
personnel, персонал
petition, петиция
philosopher, философ
philosophical, философский
physician, врач
pill, таблетка
pioneer, пионер
pipeline, трубопровод
pirate, пират
pit, яма
pity, жалость
placement, размещение
plea, мольба
plead, умолять
pledge, приносить присягу
plug, затыкать
plunge, нырять
pole, полюс
poll, голосование
pond, пруд
pop, поп
portfolio, портфель
portion, часть
portray, изображать
postpone, откладывать
post-war, послевоенный
potentially, потенциально
practitioner, практикующий
preach, проповедовать
precede, предшествовать
precedent, прецедент
precious, драгоценный
precise, точный
precisely, именно так
precision, точность
predator,хищник
predecessor, предшественник
predictable, предсказуемый
predominantly, преимущественно
preference, предпочтение
pregnancy, беременность
prejudice, предрассудки
preliminary, предварительный
premier, премьер
premise, предпосылка
premium, премиум
prescribe, прописывать
prescription, рецепт
presently, в настоящее время
preservation, сохранение
preside, председательствовать
presidency, президентство
presidential, президентский
prestigious, престижный
presumably, предположительно
presume, предполагать
prevail, преобладать
prevalence, распространенность
prevention, профилактика
prey, добыча
pride, гордость
primarily, в первую очередь
principal, главный
prior, прежний
privatization, приватизация
privilege, привилегия
probability, вероятность
probable, вероятный
probe, зонд
problematic, проблематичный
proceed, продолжить
proceedings, разбирательство
proceeds, доходы
processing, обработка
processor, процессор
proclaim, провозглашать
productive, продуктивный
productivity, производительность
profitable, прибыльный
profound, глубокий
programming, программирование
progressive, прогрессивный
prohibit, запрещать
projection, проекция
prominent, видный
promising, многообещающий
promotion, повышение
prompt, быстрый
pronounced, произносится
propaganda, пропаганда
proportion, пропорция
proposition, предложение
prosecute, преследовать в судебном порядке
prosecution, преследование
prosecutor, прокурор
prospective, перспективный
prosperity, процветание
protective, защитный
protein,белок
protester, протестующий
protocol, протокол
province, провинция
provincial, провинциальный
provision, обеспечение
provoke, провоцировать
psychiatric, психиатрический
psychological, психологический
publicity, публичность
publishing, издательский
pulse, пульс
pump, насос
punch, ударить кулаком
punk, панк
purely, чисто
pursuit, преследование
puzzle, головоломка
query, запрос
quest, квест
questionnaire, вопросник
quota, квота
racial, расовый
racism, расизм
racist, расистский
radar, радар
radiation, радиация
radical, радикальный
rage, ярость
raid, рейд
rail, рельс
rally, ралли
random, случайный
ranking, рейтинг
rape, изнасилование
rat, крыса
rating, рейтинг
ratio, соотношение
rational, рациональный
ray, луч
readily, легко
realization, реализация
realm, область
rear, задний
reasonably, разумно
reasoning, рассуждение
reassure, успокаивать
rebel, мятежник
rebellion, восстание
rebuild, перестроить
receiver, приемник
recession, рецессия
recipient, получатель
reckon, считать
recognition, признание
reconstruction, реконструкция
recount, пересчет
recovery, восстановление
recruit, рекрут
recruitment, набор
referee, судья
referendum, референдум
reflection, отражение
reform, реформа
refuge, убежище
refugee, беженец
refusal, отказ
regain, вернуть
regardless, несмотря ни на что
regime, режим
registration, регистрация
regulate, регулировать
regulator,регулятор
regulatory, регулирующий
rehabilitation, реабилитация
reign, царствовать
reinforce, усиливать
rejection, отклонение
relevance, релевантность
reliability, надежность
relieve, облегчить
relieved, с облегчением
reluctant, вынужденный
remainder, остаток
remains, останки
remarkable, замечательный
remarkably, замечательно
remedy, средство
reminder, напоминание
removal, удаление
render, оказывать
renew, обновить
renowned, известный
rental, аренда
replacement, замена
reportedly, как сообщается
reporting, отчетность
representation, представление
reproduce, воспроизводить
reproduction, воспроизводство
republic, республика
resemble, напоминать
reside, проживать
residence, резиденция
residential, Жилой
residue, остаток
resign, подать в отставку
resignation, отставка
resistance, сопротивление
resolution, разрешение
respective, соответствующий
respectively, соответственно
restoration, восстановление
restore, восстановить
restraint, сдержанность
restrict, ограничивать
restriction, ограничение
resume, резюме
retail, розничная торговля
retirement, выход на пенсию
retreat, отступление
retrieve, забрать
revelation, откровение
revenge, месть
revenue, доход
reverse, обеспечить регресс
revision, пересмотр
revival, возрождение
revive, возродить
revolutionary, революционный
rhetoric, риторика
ridiculous, нелепый
rifle, винтовка
riot, бунт
rip, рвать
risky, рискованный
ritual, ритуал
rival, соперник
rob, грабить
robbery,ограбление
robust, крепкий
rock, камень
rocket, ракета
rod, стержень
romance, романтика
rose, роза
rotate, вращать
rotation, вращение
roughly, грубо
ruin, руины
ruling, постановление
rumour, слух
sack, мешок
sacred, священный
sacrifice, жертва
saint, святой
sake, ради
sanction, санкция
satisfaction, удовлетворение
say, сказать
scandal, скандал
scare, пугать
scattered, разбросанный
scholar, ученый
scholarship, стипендия
scope, объем
scratch, царапать
screening, скрининг
screw, винт
scrutiny, проверка
seal, тюлень
seizev., сейзев.
seldom, редко
selective, селективный
seminar, семинар
senator, сенатор
sensation, ощущение
sensitivity, чувствительность
sentiment, сентимент
separation, разделение
serial, серийный
settlement, урегулирование
settler, поселенец
severely, строго
sexuality, сексуальность
sexy, сексуальный
shaped, в форме
shareholder, акционер
shatter, разбить
shed, сбрасывать
sheer, явный
shipping, перевозки
shocking, шокирующий
shoot, стрелять
shore, берег
shortage, нехватка
shortly, вскоре
shrink, сокращать
shrug, пожимание плечами
sibling, брат или сестра
signature, подпись
significance, значение
simulate, симулировать
simulation, симуляция
simultaneously, одновременно
sin, грех
sketch, эскиз
skilled, квалифицированный
skip, пропускать
skull, череп
slam, слэм
slap, шлепок
slash, слэш
slavery, рабство
slogan, лозунг
slot, слот
smash,разгромить
snap, щелчок
soak, замачивать
soar, парить
so-called, так называемый
socialist, социалистический
sole, подошва
solely, исключительно
solicitor, адвокат
solidarity, солидарность
solo, соло
somehow, как-то
sometime, когда-нибудь
sophisticated, сложный
sound, звук
sovereignty, суверенитет
spam, спам
span, охватывать
spare, запасной
spark, искра
specialize, специализироваться
specialized, специализированный
specification, спецификация
specify, указать
specimen, образец
spectacle, зрелище
spectacular, зрелищный
spectator, зритель
spectrum, спектр
speculate, спекулировать
speculation, спекуляция
spell, заклинание
sphere, сфера
spice, специи
spill, разлив
spin, вращаться
spine, позвоночник
spite, злость
spoil, портиться
spokesman, пресс-секретарь
spokesperson, пресс-секретарь
spokeswoman, пресс-секретарь
sponsorship, спонсорство
sporting, спортивный
spotlight, в центре внимания
spouse, супруг
spy, шпион
squad, отряд
squeeze, сжимать
stab, удар ножом
stability, стабильность
stabilize, стабилизировать
stake, кол
stall, ларек
stance, позиция
standing, стоя
stark, суровый
starve, голодать
statistical, статистический
steadily, устойчиво
steam, пар
steer, рулить
stem, корень
stereotype, стереотип
stimulate, стимулировать
stimulus, стимул
stir, помешивать
storage, хранилище
straightforward, простой
strain, напряжение
strand, прядь
strategic, стратегический
strengthen, укреплять
strictly,строго
striking, поразительный
strip, полоска
strip, полоска
strive, стремиться
stroke, гладить
structural, структурный
stumble, спотыкаться
stun, оглушить
stunning, оглушительный
submission, подчинение
subscriber, подписчик
subscription, подписка
subsequent, последующий
subsequently, впоследствии
subsidy, субсидия
substantial, существенный
substantially, существенно
substitute, заменять
substitution, замена
subtle, тонкий
suburb, пригород
suburban, пригородный
succession, преемственность
successive, последовательный
successor, преемник
suck, сосать
sue, Сью
suffering, страдания
sufficient, достаточный
sufficiently, достаточно
suicide, самоубийство
suite, сюита
summit, саммит
super, супер
superb, превосходно
superior, начальство
supervise, контролировать
supervision, надзор
supervisor, руководитель
supplement, добавка
supportive, поддерживающий
supposedly, предположительно
suppress, подавлять
supreme, верховный
surge, всплеск
surgeon, хирург
surgical, хирургический
surplus, излишек
surrender, сдаваться
surveillance, наблюдение
survival, выживание
survivor, выживший
suspend, приостановить
suspension, приостановка
suspicion, подозрение
suspicious, подозрительный
sustain, поддерживать
sustainable, устойчивый
swallow, глотать
swing, качать
sword, меч
symbolic, символический
sympathetic, сочувствующий
syndrome, синдром
synthesis, синтез
systematic, систематический
tackle, взяться
tactic,тактика
tactical, тактический
tag, ярлык
tap, кран
taxpayer, налогоплательщик
technological, технологический
teens, тинейджеры
temple, храм
temporarily, временно
tempt, соблазнять
tenant, жилец
tendency, тенденция
tender, нежный
tension, напряжение
tenure, срок пребывания
terminal, Терминал
terminate, прекратить
terms, условия
terrain, местность
terribly, ужасно
terrific, потрясающий
terrify, ужасать
territory, территория
terror, террор
terrorism, терроризм
terrorist, террорист
testify, свидетельствовать
testimony, показания
testing, тестирование
textbook, учебник
texture, текстура
thankfully, к счастью
theatrical, театральный
theft, кража
theology, теология
theoretical, теоретический
therapist, терапевт
thereafter, после этого
thereby, тем самым
thesis, тезис
thorough, тщательный
thoroughly, тщательно
thoughtful, вдумчивый
thought-provoking, наводящий на размышления
thread, нить
threshold, порог
thrilled, взволнованный
thrive, процветать
thumb, большой палец
tide, прилив
tighten, затянуть
timber, древесина
timely, своевременный
timing, время
tissue, салфетка
tobacco, табак
tolerance, толерантность
tolerate, терпеть
toll, потери
ton, тонна
tonne, тонна
top, вершина
torture, пытка
toss, бросать
total, общий
tournament, турнир
toxic, токсичный
trace, след
trademark, торговая марка
trading, торговля
tragedy, трагедия
tragic, трагический
trail, тащить
trailer, трейлер
trait,черта
transaction, сделка
transcript, транскрипт
transformation, трансформация
transit, транзит
transmission, передача инфекции
transmit, передавать
transparency, прозрачность
transparent, прозрачный
transportation, транспорт
trap, ловушка
trauma, травма
treasure, сокровище
treaty, договор
tremendous, огромный
tribal, племенной
tribe, племя
tribunal, трибунал
tribute, дань уважения
trigger, курок
trillion, триллион
trio, трио
triumph, триумф
troop, отряд
trophy, трофей
troubled, обеспокоенный
trustee, попечитель
tsunami, цунами
tuition, обучение
turnout, оказаться
turnover, оборот
twist, крутить
ultimate, окончательный
unacceptable, неприемлемо
uncertainty, неопределенность
undergo, подвергаться
undergraduate, бакалавриат
underlying, лежащий в основе
undermine, подрывать
undertake, предпринять
undoubtedly, несомненно
unfold, разворачиваться
unfortunate, неудачный
unify, унифицировать
unite, объединяться
unity, единство
universal, универсальный
unprecedented, беспрецедентный
unveil, раскрывать
upcoming, предстоящий
upgrade, обновление
uphold, поддерживать
urgent, срочный
usage, использование
useless, бесполезный
utility, полезность
utilize, использовать
utterly, крайне
vacuum, вакуум
vague, нечеткий
valid, действительный
validity, действительность
vanish, исчезнуть
variable, переменная
variation, вариация
varied, разнообразный
vein, вена
venture, риск
verbal, словесный
verdict, вердикт
verify,проверять
verse, стих
versus, против
vertical, вертикальный
vessel, судно
veteran, ветеран
viable, жизнеспособный
vibrant, яркий
vice, порок
vicious, беспощадный
viewpoint, точка зрения
villager, сельский житель
violate, нарушать
violation, нарушение
virtue, достоинство
visa, виза
visible, видимый
vocal, вокальный
voluntary, добровольный
voting, голосование
vow, клятва
vulnerability, уязвимость
vulnerable, уязвимый
wander, бродить
ward, сторожить
warehouse, склад
warfare, война
warming, потепление
warrant, ордер
warrior, воин
weaken, ослабить
weave, ткать
weed, сорняк
weekly, еженедельно
weird, странный
welfare, благосостояние
well, хорошо
well-being, благополучие
whatsoever, что угодно
wheat, пшеница
whereby, посредством чего
whilst, в то время как
whip, хлыст
whoever, кто бы ни
wholly, полностью
widen, расширять
widespread, широко распространенный
widow, вдова
width, ширина
willingness, готовность
wipe, вытирать
wisdom, мудрость
wit, остроумие
withdraw, отзывать
withdrawal, снятие
workforce, рабочая сила
workout, тренировка
workplace, рабочее место
workshop, мастерская
worm, червь
worship, поклонение
worthwhile, стоит того
worthy, достойный
wrist, запястье
yell, кричать
yield, урожай
youngster, юнец