to abandon,отказаться
ability, способность
able, способный
about, о
above, выше
abroad, за границей
absolute, абсолютный
absolutely, абсолютно
academic, академический
to accept, принять
acceptable, приемлемый
access, доступ
accident, несчастный случай
accommodation, размещение
to accompany, сопровождать
according to, в соответствии с
account, счет
accurate, точный
to accuse, обвинять
to achieve, достичь
achievement, достижение
to acknowledge, признать
to acquire, приобретать
across, через
to act, действовать
action, действие
active, активный
activity, активность
actor, актер
actress, актриса
actual, действительный
actually, на самом деле
ad, объявление
to adapt, адаптироваться
to add, добавить
addition, добавление
additional, дополнительный
address, адрес
administration, администрация
to admire, восхищаться
to admit, признать
to adopt, принять
adult, взрослый
advance, продвигать
advanced, передовой
advantage, преимущество
adventure, приключение
to advertise, рекламировать
advertisement, реклама
advertising, реклама
advice, совет
to advise, советовать
affair, роман
to affect, влиять
to afford, позволить себе
afraid, испуганный
after, после
afternoon, полдень
afterwards, после
again, снова
against, против
age, возраст
aged, в возрасте
agency, агентство
agenda, повестка дня
agent, агент
aggressive, агрессивный
ago, назад
to agree, согласиться
agreement,соглашение
ah, ах
ahead, предстоящий
aid, помогать
to aim, целиться
air, воздух
aircraft, самолет
airline, авиакомпания
airport, аэропорт
alarm, тревога
album, альбом
alcohol, алкоголь
alcoholic, алкоголик
alive, живой
all, все
all right, все в порядке
to allow, разрешить
almost, почти
alone, один
along, вдоль
already, уже
also, также
to alter, изменить
alternative, альтернатива
although, хотя
always, всегда
amazed, поражен
amazing, удивительный
ambition, амбиции
ambitious, амбициозный
among, среди
amount, количество
to analyse, анализировать
analysis, анализ
ancient, древний
and, и
anger, злость
angle, угол
angry, злой
animal, животное
ankle, лодыжка
anniversary, годовщина
to announce, объявить
announcement, объявление
to annoy, раздражать
annoyed, раздраженный
annoying, раздражающий
annual, ежегодный
another, другой
answer, отвечать
anxious, тревожный
any, любой
anybody, кто-нибудь
any more, больше
anyone, любой
anything, что-либо
anyway, в любом случае
anywhere, где угодно
apart, отдельно
apartment, квартира
to apologize, извиниться
app, приложение
apparent, очевидный
apparently, видимо
appeal, обращаться
to appear, появляться
appearance, появление
apple, яблоко
application, приложение
to apply, применять
appointment, встреча
to appreciate, ценить
approach, подход
appropriate,соответствующий
approval, одобрение
to approve, одобрить
approximately, примерно
April, Апрель
architect, архитектор
architecture, архитектура
area, область
to argue, спорить
argument, аргумент
to arise, возникнуть
arm, рука
armed, вооруженный
arms, оружие
army, армия
around, вокруг
to arrange, устроить
arrangement, договоренность
to arrest, арестовать
arrival, прибытие
to arrive, прибыть
art, искусство
article, статья
artificial, искусственный
artist, художник
artistic, художественный
as, как
ashamed, стыдящийся
to ask, спросить
asleep, спящий
aspect, аспект
to assess, оценить
assessment, оценка
assignment, назначение
to assist, чтобы помочь
assistant, помощник
to associate, ассоциировать
associated, связанный
association, ассоциация
to assume, предполагать
at, в
athlete, спортсмен
atmosphere, атмосфера
to attach, прикрепить
attack, атака
attempt, пытаться
to attend, присутствовать
attention, внимание
attitude, отношение
to attract, привлекать
attraction, притяжение
attractive, привлекательный
audience, аудитория
August, Август
aunt, тетя
author, автор
authority, власть
autumn, осень
available, доступный
average, средний
to avoid, избегать
award, награда
aware, осведомленный
away, прочь
awful, ужасный
baby, малыш
back, назад
background, фон
backwards, назад
bacteria, бактерии
bad, плохой
badly,плохо
bag, сумка
to bake, испечь
balance, баланс
ball, мяч
to ban, запретить
banana, банан
band, группа
bank (money), банк (деньги)
bank (river), берег (реки)
bar, бар
barrier, барьер
base, база
baseball, бейсбол
based, основанный на
basic, базовый
basically, по сути
basis, основа
basketball, баскетбол
bath, ванна
bathroom, ванная комната
battery, батарея
battle, боевой
to be, быть
beach, пляж
bean, фасоль
bear (deal with), медведь (иметь дело с)
bear (animal), медведь (животное)
to beat, бить
beautiful, красивый
beauty, красота
because, потому что
to become, стать
bed, кровать
bedroom, спальня
bee, пчела
beef, говядина
beer, пиво
before, до
to beg, умолять
to begin, начать
beginning, начало
to behave, вести себя
behaviour, поведение
behind, позади
being, существование
belief, вера
to believe, верить
bell, колокол
to belong, принадлежать
below, ниже
belt, пояс
to bend, сгибать
benefit, выгода
bent, согнутый
best, лучший
to bet, делать ставку
better, лучше
between, между
beyond, вне
bicycle, велосипед
big, большой
bike, велосипед
bill, счет
billion, миллиард
bin, мусорное ведро
biology, биология
bird, птица
birth, рождение
birthday, день рождения
biscuit, печенье
bit, кусочек
to bite, кусать
bitter, горький
black, черный
to blame, винить
blank, пустой
blind,слепой
block, блокировать
blog, блог
blonde, блондинка
blood, кровь
to blow, дуть
blue, синий
board, доска
boat, лодка
body, тело
to boil, кипятить
bomb, бомбить
bond, связь
bone, кость
book, книга
boot, ботинок
border, граница
bored, скучающий
boring, скучный
to born, родиться
to borrow, брать в долг
boss, босс
both, оба
to bother, беспокоить
bottle, бутылка
bottom, нижний
bowl, чаша
box, коробка
boy, мальчик
boyfriend, парень
brain, мозг
branch, ветвь
brand, бренд
brave, храбрый
bread, хлеб
to break, сломать
breakfast, завтрак
breast, грудь
breath, дыхание
to breathe, дышать
breathing, дыхание
bride, невеста
bridge, мост
brief, краткий
bright, яркий
brilliant, блестящий
to bring, принести
broad, широкий
to broadcast, транслировать
broken, сломанный
brother, брат
brown, коричневый
to brush, чистить
bubble, пузырь
budget, бюджет
to build, строить
building, здание
bullet, пуля
bunch, связка
to burn, сжечь
to bury, хоронить
bus, автобус
bush, куст
business, бизнес
businessman, бизнесмен
busy, занятый
but, но
butter, масло
button, кнопка
to buy, купить
by, к
bye, пока
cable, кабель
cafe, кафе
cake, торт
to calculate, для расчета
to call, позвонить
calm, спокойствие
camera, камера
camp, лагерь
campaign,кампания
camping, кемпинг
campus, кампус
can, может
to cancel, отменить
cancer, рак
candidate, кандидат
to cannot, не может
cap, колпачок
capable, способный
capacity, емкость
capital, капитал
captain, капитан
to capture, захватить
car, машина
card, карта
care, заботиться
career, карьера
careful, осторожный
carefully, осторожно
careless, беспечный
carpet, ковер
carrot, морковь
to carry, нести
cartoon, мультфильм
case, случай
cash, наличные
cast, бросать
castle, замок
cat, кот
to catch, поймать
category, категория
cause, причина
CD, компакт-диск
ceiling, потолок
to celebrate, праздновать
celebration, празднование
celebrity, знаменитость
cell, клетка
cent, цент
central, центральный
centre, центр
century, век
ceremony, церемония
certain, определенный
certainly, конечно
chain, цепь
chair, стул
chairman, председатель
challenge, испытание
champion, чемпион
chance, шанс
to change, изменить
channel, канал
chapter, глава
character, характер
characteristic, характеристика
charge, заряжать
charity, благотворительность
chart, диаграмма
to chat, поболтать
cheap, дешевый
to cheat, обманывать
to check, проверить
cheerful, жизнерадостный
cheese, сыр
chef, шеф-повар
chemical, химический
chemistry, химия
chest, грудь
chicken, курица
chief, главный
child, ребенок
childhood, детство
chip, чип
chocolate,шоколад
choice, выбор
to choose, выбирать
church, церковь
cigarette, сигарета
cinema, кино
circle, круг
circumstance, обстоятельство
to cite, цитировать
citizen, гражданин
city, город
civil, гражданский
to claim, требовать
class, сорт
classic, классический
classical, классический
classroom, класс
clause, пункт
clean, чистый
clear, прозрачный
clearly, четко
clever, умный
to click, нажать
client, клиент
climate, климат
to climb, подняться
clock, часы
to close1, закрыть1
close, закрывать
closed, закрыто
closely, тесно
cloth, ткань
clothes, одежда
clothing, одежда
cloud, облако
club, клуб
clue, зацепка
coach, тренер
coal, уголь
coast, побережье
coat, пальто
code, код
coffee, кофе
coin, монета
cold, холодный
to collapse, рухнуть
colleague, коллега
to collect, собирать
collection, коллекция
college, колледж
colour, цвет
coloured, цветной
column, столбец
combination, сочетание
to combine, объединить
to come, приехать
comedy, комедия
comfort, комфорт
comfortable, комфортный
command, команда
comment, комментарий
commercial, коммерческий
commission, комиссия
to commit, совершать
commitment, обязательство
committee, комитет
common, общий
commonly, обычно
to communicate, общаться
communication, коммуникация
community, сообщество
company, компания
to compare,для сравнения
comparison, сравнение
to compete, конкурировать
competition, соревнование
competitive, конкурентоспособный
competitor, конкурент
to complain, жаловаться
complaint, жалоба
complete, полный
completely, полностью
complex, сложный
complicated, сложный
component, компонент
computer, компьютер
to concentrate, концентрироваться
concentration, концентрация
concept, концепция
concern, беспокойство
concerned, обеспокоенный
concert, концерт
to conclude, заключить
conclusion, заключение
condition, состояние
to conduct, проводить
conference, конференция
confidence, уверенность
confident, уверенный
to confirm, подтвердить
conflict, конфликт
to confuse, запутать
confused, смущенный
confusing, запутанный
to connect, для подключения
connected, подключен
connection, связь
conscious, сознательный
consequence, последствие
conservative, консервативный
to consider, рассмотреть
consideration, рассмотрение
to consist, состоять
consistent, последовательный
constant, постоянный
constantly, постоянно
to construct, построить
construction, строительство
to consume, потреблять
consumer, потребитель
contact, контакт
to contain, содержать
container, контейнер
contemporary, современный
content, содержание
contest, конкурс
context, контекст
continent, континент
to continue, продолжить
continuous, непрерывный
contract, договор
contrast, контраст
to contribute, внести свой вклад
contribution,вклад
control, контроль
convenient, удобный
conversation, беседа
to convert, преобразовать
to convince, убедить
convinced, убежденный
to cook, готовить
cooker, плита
cooking, приготовление пищи
cool, прохладный
copy, копия
core, основной
corner, угол
corporate, корпоративный
correct, правильный
correctly, правильно
cost, расходы
costume, костюм
cottage, коттедж
cotton, хлопок
could, мог
council, совет
to count, рассчитывать
country, страна
countryside, сельская местность
county, графство
couple, пара
courage, храбрость
course, курс
court, суд
cousin, двоюродный брат
to cover, покрывать
covered, покрытый
cow, корова
crash, крушение
crazy, сумасшедший
cream, крем
to create, создать
creation, создание
creative, творческий
creature, существо
credit, кредит
crew, экипаж
crime, преступление
criminal, преступник
crisis, кризис
criterion, критерий
critic, критик
critical, критический
criticism, критика
to criticize, критиковать
crop, обрезать
to cross, пересечь
crowd, толпа
crowded, переполненный
crucial, ключевой
cruel, жестокий
to cry, плакать
cultural, культурный
culture, культура
cup, чашка
cupboard, буфет
to cure, вылечить
curly, кудрявый
currency, валюта
current, текущий
currently, в настоящее время
curtain, занавес
curve, изгиб
curved, изогнутый
custom, обычай
customer, клиент
to cut,резать
cycle, цикл
dad, папа
daily, ежедневно
damage, повреждать
dance, танец
dancer, танцор
dancing, танцы
danger, Опасность
dangerous, опасный
dark, темный
data, данные
date, дата
daughter, дочь
day, день
dead, мертвый
to deal, иметь дело
dear, дорогой
death, смерть
debate, дебаты
debt, долг
decade, десятилетие
December, декабрь
decent, приличный
to decide, решать
decision, решение
to declare, объявить
to decline, отказаться
to decorate, украшать
decoration, украшение
to decrease, уменьшить
deep, глубокий
deeply, глубоко
to defeat, победить
defence, защита
to defend, защищать
to define, определить
definite, определенный
definitely, определенно
definition, определение
degree, степень
to delay, задерживать
deliberate, преднамеренный
deliberately, умышленно
delicious, вкусный
to delight, радовать
delighted, получивший удовольствие
to deliver, доставить
delivery, доставка
demand, требовать
to demonstrate, продемонстрировать
dentist, стоматолог
to deny, отрицать
department, отделение
departure, отправление
to depend, зависеть
depressed, подавленный
depressing, удручающий
depth, глубина
to describe, описывать
description, описание
desert, пустыня
to deserve, заслужить
design, дизайн
designer, дизайнер
desire, желание
desk, рабочий стол
desperate, отчаянный
despite, несмотря на
destination, место назначения
to destroy,уничтожить
detail, деталь
detailed, подробный
to detect, обнаружить
detective, детектив
to determine, определить
determined, определенный
to develop, развивать
development, разработка
device, устройство
diagram, диаграмма
dialogue, диалог
diamond, алмаз
diary, дневник
dictionary, словарь
to die, умереть
diet, диета
difference, разница
different, другой
differently, по-разному
difficult, трудный
difficulty, трудность
to dig, копать
digital, цифровой
dinner, ужин
direct, прямой
direction, направление
directly, напрямую
director, директор
dirt, грязь
dirty, грязный
disadvantage, недостаток
to disagree, не соглашаться
to disappear, исчезнуть
disappointed, расстроенный
disappointing, разочаровывающий
disaster, катастрофа
disc, диск
discipline, дисциплина
discount, скидка
to discover, обнаружить
discovery, открытие
to discuss, обсудить
discussion, обсуждение
disease, болезнь
dish, блюдо
dishonest, нечестный
to dislike, не любить
to dismiss, уволить
to display, для отображения
distance, расстояние
to distribute, распространять
distribution, распределение
district, округ
to divide, делить
division, разделение
divorced, в разводе
to do1, делать1
doctor, доктор
document, документ
documentary, документальный фильм
dog, собака
dollar, доллар
domestic, одомашненный
to dominate, доминировать
to donate, пожертвовать
door,дверь
double, двойной
doubt, сомневаться
down, вниз
to download, скачать
downstairs, внизу
downwards, вниз
dozen, дюжина
draft, черновик
to drag, тащить
drama, драма
dramatic, драматический
to draw, рисовать
drawing, рисунок
dream, мечтать
dress, одеваться
dressed, одетый
drink, напиток
to drive, водить
driver, водитель
driving, вождение
to drop, падать
drug, лекарство
drum, барабан
drunk, пьяный
dry, сухой
due, должный
during, в течение
dust, пыль
duty, долг
DVD, ДВД
each, каждый
ear, ухо
early, рано
to earn, заработать
earth, земля
earthquake, землетрясение
easily, легко
east, восток
eastern, восточный
easy, легкий
to eat, есть
economic, экономический
economy, экономика
edge, край
to edit, редактировать
edition, версия
editor, редактор
to educate, обучать
educated, образованный
education, образование
educational, образовательный
effect, эффект
effective, эффективный
effectively, эффективно
efficient, эффективный
effort, усилие
egg, яйцо
eight, восемь
eighteen, восемнадцать
eighty, восемьдесят
either, или
elderly, пожилые люди
to elect, избирать
election, выборы
electric, электрический
electrical, электрический
electricity, электричество
electronic, электронный
element, элемент
elephant, слон
eleven, одиннадцать
else, еще
elsewhere, в другом месте
email, электронная почта
embarrassed, смущенный
embarrassing,смущающий
to emerge, появляться
emergency, чрезвычайная ситуация
emotion, эмоция
emotional, эмоциональный
emphasis, акцент
to emphasize, подчеркнуть
to employ, нанимать на работу
employee, сотрудник
employer, работодатель
employment, работа
empty, пустой
to enable, чтобы включить
to encounter, столкнуться
to encourage, поощрять
end, конец
ending, окончание
enemy, враг
energy, энергия
to engage, заниматься
engaged, помолвлен
engine, двигатель
engineer, инженер
engineering, инжиниринг
to enhance, для улучшения
to enjoy, наслаждаться
enormous, громадный
enough, достаточно
enquiry, расследование
to ensure, чтобы гарантировать
to enter, войти
to entertain, развлекать
entertainment, развлечение
enthusiasm, энтузиазм
enthusiastic, восторженный
entire, весь
entirely, полностью
entrance, вход
entry, вход
environment, среда
environmental, относящийся к окружающей среде
episode, эпизод
equal, равный
equally, одинаково
equipment, оборудование
error, ошибка
to escape, бежать
especially, особенно
essay, эссе
essential, существенный
to establish, установить
estate, имущество
to estimate, оценить
ethical, этический
euro, евро
to evaluate, оценить
even, даже
evening, вечер
event, событие
eventually, в конце концов
ever, всегда
every, каждый
everybody, все
everyday, каждый день
everyone, каждый
everything, все
everywhere, повсюду
evidence,доказательство
evil, зло
exact, точный
exactly, точно
exam, экзамен
examination, экспертиза
to examine, осмотреть
example, пример
excellent, отличный
except, кроме
exchange, обмен
excited, взволнованный
excitement, возбуждение
exciting, захватывающий
excuse, извинение
executive, исполнительный
exercise, упражнение
exhibition, выставка
to exist, существовать
existence, существование
to expand, расширять
to expect, ожидать
expectation, ожидание
expected, ожидал
expedition, экспедиция
expense, расходы
expensive, дорогой
experience, опыт
experienced, опытный
experiment, эксперимент
expert, эксперт
to explain, объяснить
explanation, объяснение
to explode, взорваться
exploration, разведка
to explore, исследовать
explosion, взрыв
export, экспорт
to expose, выставлять напоказ
to express, выражать
expression, выражение
to extend, продлить
extent, степень
external, внешний
extra, дополнительный
extraordinary, необычайный
extreme, экстремальный
extremely, очень сильно
eye, глаз
face, лицо
facility, средство
fact, факт
factor, фактор
factory, фабрика
to fail, потерпеть неудачу
failure, отказ
fair, справедливый
fairly, весьма
faith, вера
to fall, падать
FALSE,FALSE
familiar, привычный
family, семья
famous, известный
fan, вентилятор
to fancy, придумывать
fantastic, фантастический
far, далеко
farm, ферма
farmer, фермер
farming, сельское хозяйство
fascinating,очаровательный
fashion, мода
fashionable, модный
fast, быстрый
to fasten, закрепить
fat, толстый
father, отец
fault, вина
favour, услуга
favourite, любимый
fear, страх
feather, перо
feature, особенность
February, февраль
fee, платеж
to feed, кормить
feedback, обратная связь
to feel, чувствовать
feeling, чувство
fellow, парень
female, женский
fence, изгородь
festival, фестиваль
few, немного
fiction, вымысел
field, поле
fifteen, пятнадцать
fifth, пятый
fifty, пятьдесят
to fight, бороться
fighting, борьба
figure, фигура
file, файл
to fill, заполнить
film, фильм
final, финал
finally, окончательно
finance, финансы
financial, финансовый
to find, найти
finding, находка
fine, отлично
finger, палец
to finish, закончить
fire, огонь
firm, твердый
first, первый
firstly, во-первых
fish, рыба
fishing, рыбалка
to fit, чтобы соответствовать
fitness, фитнес
five, пять
to fix, исправить
fixed, зафиксированный
flag, флаг
flame, пламя
flash, вспышка
flat, плоский
flexible, гибкий
flight, полет
to float, плавать
flood, наводнение
floor, пол
flour, мука
to flow, течь
flower, цветок
flu, грипп
to fly, летать
flying, летающий
to focus, сосредоточиться
to fold, складывать
folding, складной
folk, народный
to follow, следовать
following, следующий
food, еда
foot, ступня
football,футбол
for, для
force, сила
foreign, иностранный
forest, лес
forever, навсегда
to forget, забыть
to forgive, прощать
fork, вилка
form, форма
formal, формальный
former, бывший
fortunately, к счастью
fortune, удача
forty, сорок
forward, вперед
to found, найти
four, четыре
fourteen, четырнадцать
fourth, четвертый
frame, рамка
free, бесплатно
freedom, свобода
to freeze, заморозить
frequency, частота
frequently, часто
fresh, свежий
Friday, Пятница
fridge, холодильник
friend, друг
friendly, дружелюбно
friendship, дружба
to frighten, пугать
frightened, испуганный
frightening, пугающий
frog, лягушка
from, от
front, передний
frozen, замороженный
fruit, фрукты
to fry, жарить
fuel, топливо
full, полный
fully, полностью
fun, веселье
function, функция
fund, фонд
fundamental, фундаментальный
funding, финансирование
funny, забавный
fur, шерсть
furniture, мебель
further, дальше
furthermore, более того
future, будущее
to gain, получить
gallery, галерея
game, игра
gang, банда
gap, зазор
garage, гараж
garden, сад
gas, газ
gate, ворота
to gather, собирать
general, общий
generally, в целом
to generate, генерировать
generation, поколение
generous, щедрый
genre, жанр
gentle, нежный
gentleman, джентльмен
geography, география
to get, получить
ghost,призрак
giant, гигант
gift, подарок
girl, девочка
girlfriend, подруга
to give, дать
glad, радостный
glass, стекло
global, глобальный
glove, перчатка
to go, идти
goal, цель
god, бог
gold, золото
golf, гольф
good, хороший
goodbye, до свидания
goods, товары
to govern, управлять
government, правительство
to grab, схватить
grade, оценка
gradually, постепенно
graduate, выпускник
grain, зерно
grand, большой
grandfather, дедушка
grandmother, бабушка
grandparent, дедушка и бабушка
to grant, предоставить
grass, трава
grateful, благодарный
great, большой
green, зеленый
to greet, приветствовать
grey, серый
ground, земля
group, группа
to grow, расти
growth, рост
to guarantee, гарантировать
guard, сторожить
to guess, угадать
guest, гость
guide, гид
guilty, виновный
guitar, гитара
gun, пистолет
guy, парень
gym, спортзал
habit, привычка
hair, волосы
half, половина
hall, зал
hand, рука
to handle, обращаться
to hang, повесить
to happen, произойти
happily, счастливо
happiness, счастье
happy, счастливый
hard, жесткий
hardly, едва ли
harm, вред
harmful, вредный
hat, шляпа
to hate, ненавидеть
to have, иметь
have to, придется
he, он
head, голова
headache, головная боль
headline, заголовок
health, здоровье
healthy, здоровый
to hear, услышать
hearing, слушание
heart, сердце
heat, нагревать
heating,обогрев
heaven, небеса
heavily, тяжело
heavy, тяжелый
heel, каблук
height, высота
helicopter, вертолет
hell, ад
hello, привет
to help, чтобы помочь
helpful, полезный
her, ее
here, здесь
hero, герой
hers, ее
herself, себя
to hesitate, колебаться
hey, привет
hi, привет
to hide, скрыть
high, высокий
to highlight, выделить
highly, высоко
hill, холм
him, ему
himself, сам
to hire, нанимать
his, его
historic, исторический
historical, исторический
history, история
to hit, ударить
hobby, хобби
hockey, хоккей
to hold, держать
hole, дыра
holiday, праздничный день
hollow, пустой
holy, святой
home, дом
homework, домашнее задание
honest, честный
honour, честь
to hope, надеяться
horrible, ужасный
horror, ужас
horse, лошадь
hospital, больница
host, хозяин
hot, горячий
hotel, отель
hour, час
house, дом
household, семья
housing, жилье
how, как
however, однако
huge, огромный
human, человек
humorous, юмористический
humour, юмор
hundred, сто
hungry, голодный
to hunt, охотиться
hunting, охота
hurricane, ураган
hurry, торопиться
to hurt, причинять боль
husband, муж
I, я
ice, лед
ice cream, мороженое
idea, идея
ideal, идеальный
to identify, идентифицировать
identity, личность
if, если
to ignore, игнорировать
ill, больной
illegal,незаконный
illness, болезнь
to illustrate, проиллюстрировать
illustration, иллюстрация
image, изображение
imaginary, воображаемый
imagination, воображение
to imagine, представить
immediate, немедленный
immediately, немедленно
immigrant, иммигрант
impact, влияние
impatient, нетерпеливый
to imply, подразумевать
import, импорт
importance, важность
important, важный
to impose, навязывать
impossible, невозможный
to impress, произвести впечатление
impressed, впечатленный
impression, впечатление
impressive, впечатляющий
to improve, улучшить
improvement, улучшение
in, в
inch, дюйм
incident, инцидент
to include, включить
included, включено
including, включая
income, доход
to increase, увеличить
increasingly, все больше и больше
incredible, невероятный
incredibly, невероятно
indeed, действительно
independent, независимый
to indicate, чтобы указать
indirect, косвенный
individual, индивидуальный
indoor, в помещении
indoors, в помещении
industrial, промышленный
industry, промышленность
infection, инфекция
influence, влияние
to inform, информировать
informal, неофициальный
information, информация
ingredient, ингредиент
initial, исходный
initially, изначально
initiative, инициатива
to injure, ранить
injured, раненый
injury, рана
inner, внутренний
innocent, невиновный
insect, насекомое
inside, внутри
insight, понимание
to insist, настаивать
to inspire, вдохновлять
to install, установить
instance,пример
instead, вместо
institute, институт
institution, учреждение
instruction, инструкция
instructor, инструктор
instrument, инструмент
insurance, страхование
intelligence, интеллект
intelligent, разумный
to intend, намереваться
intended, намеревался
intense, интенсивный
intention, намерение
interest, интерес
interested, заинтересованный
interesting, интересный
internal, внутренний
international, международный
internet, интернет
to interpret, интерпретировать
to interrupt, прерывать
interview, интервью
into, в
to introduce, представить
introduction, введение
to invent, изобретать
invention, изобретение
to invest, инвестировать
to investigate, расследовать
investigation, расследование
investment, инвестиции
invitation, приглашение
to invite, пригласить
to involve, вовлекать
involved, вовлеченный
iron, железо
island, остров
issue, проблема
IT, ЭТО
it, это
item, элемент
its, его
itself, сам по себе
jacket, куртка
jam, варенье
January, январь
jazz, джаз
jeans, джинсы
jewellery, ювелирные изделия
job, работа
to join, присоединиться
joke, шутить
journal, журнал
journalist, журналист
journey, путешествие
joy, радость
judge, судить
judgement, суждение
juice, сок
July, Июль
to jump, прыгать
June, Июнь
junior, младший
just, только
justice, справедливость
to justify, чтобы оправдать
keen, увлеченный
to keep, держать
key, ключ
keyboard,клавиатура
to kick, пинать
kid, ребенок
to kill, убить
killing, убийство
kilometre, километр
kind (type), вид (тип)
kind (caring), добрый (заботливый)
king, король
to kiss, целовать
kitchen, кухня
knee, колено
knife, нож
to knock, стучать
to know, знать
knowledge, знание
lab, лаборатория
label, этикетка
laboratory, лаборатория
labour, труд
lack, недостаток
lady, леди
lake, озеро
lamp, лампа
land, земля
landscape, пейзаж
language, язык
laptop, ноутбук
large, большой
largely, в значительной степени
last1 (final), последний1 (финальный)
last1 (taking time), последний1 (требует времени)
late, поздно
later, позже
latest, последний
to laugh, смеяться
laughter, смех
to launch, для запуска
law, закон
lawyer, адвокат
to lay, класть
layer, слой
lazy, ленивый
to lead1, вести1
leader, лидер
leadership, лидерство
leading, ведущий
leaf, лист
league, лига
to lean, наклоняться
to learn, учиться
learning, обучение
least, наименее
leather, кожа
to leave, оставить
lecture, лекция
left, левый
leg, нога
legal, юридический
leisure, досуг
lemon, лимон
to lend, одолжить
length, длина
less, меньше
lesson, урок
to let, позволить
letter, письмо
level, уровень
library, библиотека
licence, лицензия
to lie1, лгать1
lie2 (tell a lie), ложь2 (сказать неправду)
life, жизнь
lifestyle, образ жизни
to lift, поднять
light (from the sun/a lamp),свет (от солнца/лампы)
light (not heavy), легкий (не тяжелый)
like (similar), как (похожий)
like (find sb/sth pleasant), нравится (находить кого-либо/что-либо приятным)
likely, вероятный
limit, предел
limited, ограниченный
line, линия
link, связь
lion, лев
lip, губа
liquid, жидкость
list, список
to listen, слушать
listener, слушатель
literature, литература
little, маленький
to live1, жить1
live, жить
lively, живой
living, жизнь
load, нагрузка
loan, заем
local, местный
to locate, найти
located, расположен
location, расположение
to lock, запереть
logical, логичный
lonely, одинокий
long, длинный
long-term, долгосрочный
to look, смотреть
loose, свободный
lord, господин
lorry, грузовик
to lose, потерять
loss, потеря
lost, потерянный
lot, много
loud, громкий
loudly, громко
love, любовь
lovely, прекрасный
low, низкий
to lower, понизить
luck, удача
lucky, удачливый
lunch, обед
lung, легкое
luxury, роскошь
machine, машина
mad, безумный
magazine, журнал
magic, магия
mail, почта
main, основной
mainly, в основном
to maintain, поддерживать
major, главный
majority, большинство
to make, сделать
male, мужской
mall, торговый центр
man, мужчина
to manage, управлять
management, управление
manager, менеджер
manner, манера
many, много
map, карта
March, Маршировать
to mark, отмечать
market, рынок
marketing, маркетинг
marriage,свадьба
married, женатый
to marry, жениться
mass, масса
massive, массивный
master, владелец
match (contest/correspond), матч (состязание/переписка)
matching, соответствие
material, материал
mathematics, математика
maths, математика
matter, иметь значение
maximum, максимум
May, Может
may, может
maybe, может быть
me, мне
meal, еда
to mean, иметь в виду
meaning, значение
means, означает
meanwhile, тем временем
to measure, измерять
measurement, измерение
meat, мясо
media, СМИ
medical, медицинский
medicine, лекарство
medium, середина
to meet, встретиться
meeting, встреча
to melt, таять
member, член
memory, память
mental, умственный
to mention, упомянуть
menu, меню
mess, беспорядок
message, сообщение
metal, металл
method, метод
metre, метр
middle, середина
midnight, полночь
might, мощь
mild, мягкий
mile, миля
military, военный
milk, молоко
million, миллион
mind, разум
mine (belongs to me), мой (принадлежит мне)
mine (hole in the ground), шахта (дыра в земле)
mineral, минерал
minimum, минимум
minister, министр
minor, незначительный
minority, меньшинство
minute, минута
mirror, зеркало
to miss, скучать
missing, отсутствующий
mission, миссия
mistake, ошибка
to mix, смешивать
mixed, смешанный
mixture, смесь
mobile, мобильный
model, модель
modern, современный
to modify, изменить
moment, момент
Monday, Понедельник
money,деньги
monitor, монитор
monkey, обезьяна
month, месяц
mood, настроение
moon, луна
moral, моральный
more, более
morning, утро
most, большинство
mostly, по большей части
mother, мать
motor, мотор
motorcycle, мотоцикл
to mount, монтировать
mountain, гора
mouse, мышь
mouth, рот
to move, двигаться
movement, движение
movie, фильм
much, много
mud, грязь
multiple, несколько
to multiply, умножать
mum, мама
murder, убийство
muscle, мышца
museum, музей
music, музыка
musical, музыкальный
musician, музыкант
must, должен
my, мой
myself, сам
mysterious, таинственный
mystery, тайна
nail, ноготь
name, имя
narrative, повествование
narrow, узкий
nation, нация
national, национальный
native, родной
natural, естественный
naturally, естественно
nature, природа
near, около
nearly, около
neat, аккуратный
necessarily, обязательно
necessary, необходимый
neck, шея
to need, нуждаться
needle, иголка
negative, отрицательный
neighbour, сосед
neighbourhood, район
neither, ни один
nerve, нерв
nervous, нервный
net, сеть
network, сеть
never, никогда
nevertheless, тем не менее
new, новый
news, новости
newspaper, газета
next, следующий
next to, рядом с
nice, хороший
night, ночь
nightmare, кошмар
nine, девять
nineteen, девятнадцать
ninety, девяносто
no, нет
no one, никто
nobody,никто
noise, шум
noisy, шумный
none, никто
nor, ни
normal, нормальный
normally, обычно
north, север
northern, северный
nose, нос
not, нет
note, примечание
nothing, ничего
to notice, заметить
notion, понятие
novel, роман
November, ноябрь
now, сейчас
nowhere, нигде
nuclear, ядерный
numerous, многочисленные
nurse, медсестра
nut, орех
to obey, подчиняться
object, объект
objective, цель
obligation, обязательство
observation, наблюдение
to observe, наблюдать
to obtain, чтобы получить
obvious, очевидный
obviously, очевидно
occasion, случай
occasionally, изредка
to occur, произойти
ocean, океан
o’clock, час
October, октябрь
odd, странный
of, из
off, выключенный
offence, правонарушение
to offend, оскорблять
offensive, оскорбительный
to offer, предложить
office, офис
officer, офицер
official, официальный
often, часто
oh, ой
oil, масло
OK, ХОРОШО
old, старый
old-fashioned, старомодный
on, на
once, один раз
one, один
onion, лук
online, онлайн
only, только
onto, на
open, открыть
opening, открытие
to operate, работать
operation, операция
opinion, мнение
opponent, противник
opportunity, возможность
to oppose, противостоять
opposed, выступил против
opposite, противоположный
opposition, оппозиция
option, вариант
or, или
orange, апельсин
order, заказ
ordinary, обычный
organ,орган
organization, организация
to organize, организовать
organized, организованный
organizer, организатор
origin, источник
original, оригинальный
originally, изначально
other, другой
otherwise, в противном случае
ought, должен
our, наш
ours, наш
ourselves, мы сами
out, вне
outcome, исход
outdoor, на открытом воздухе
outdoors, на открытом воздухе
outer, внешний
outline, контур
outside, снаружи
oven, печь
over, над
overall, общий
to owe, быть должен
own, собственный
owner, владелец
pace, шаг
to pack, упаковывать
package, упаковка
page, страница
pain, боль
painful, болезненный
to paint, красить
painter, художник
painting, рисование
pair, пара
palace, дворец
pale, бледный
pan, кастрюля
panel, панель
pants, брюки
paper, бумага
paragraph, абзац
parent, родитель
park, парк
parking, стоянка
parliament, парламент
part, часть
participant, участник
to participate, участвовать
particular, особый
particularly, особенно
partly, частично
partner, партнер
party, вечеринка
to pass, пройти
passage, проход
passenger, пассажир
passion, страсть
passport, паспорт
past, прошлое
path, путь
patient, пациент
pattern, шаблон
to pay, платить
payment, оплата
peace, мир
peaceful, мирный
pen, ручка
pencil, карандаш
penny, пенни
pension, пенсия
people, люди
pepper, перец
per, за
per cent,процент
percentage, процент
perfect, идеальный
perfectly, отлично
to perform, выполнять
performance, производительность
perhaps, возможно
period, период
permanent, постоянный
permission, разрешение
to permit, разрешить
person, человек
personal, личный
personality, личность
personally, лично
perspective, перспектива
to persuade, убедить
pet, домашний питомец
petrol, бензин
phase, фаза
phenomenon, явление
philosophy, философия
phone, телефон
photo, фото
photograph, фотография
photographer, фотограф
photography, фотография
phrase, фраза
physical, физический
physics, физика
piano, пианино
to pick, выбирать
picture, картина
piece, кусок
pig, свинья
pile, куча
pilot, пилот
pin, приколоть
pink, розовый
pipe, трубка
pitch, подача
place, место
plain, простой
plan, план
plane, самолет
planet, планета
planning, планирование
plant, растение
plastic, пластик
plate, тарелка
platform, платформа
to play, играть
player, игрок
pleasant, приятный
please, пожалуйста
pleased, довольный
pleasure, удовольствие
plenty, множество
plot, сюжет
plus, плюс
pocket, карман
poem, стихотворение
poet, поэт
poetry, поэзия
point, точка
pointed, заостренный
poison, яд
poisonous, ядовитый
police, полиция
policeman, полицейский
policy, политика
polite, вежливый
political, политический
politician, политик
politics,политика
pollution, загрязнение
pool, бассейн
poor, бедный
pop, поп
popular, популярный
popularity, популярность
population, население
port, порт
portrait, портрет
to pose, позировать
position, позиция
positive, положительный
to possess, обладать
possession, владение
possibility, возможность
possible, возможный
possibly, возможно
post, почта
poster, постер
pot, горшок
potato, картофель
potential, потенциал
pound, фунт
to pour, наливать
poverty, бедность
powder, пудра
power, власть
powerful, мощный
practical, практичный
practice, упражняться
to practise, практиковать
praise, хвалить
to pray, молиться
prayer, молитва
to predict, предсказывать
prediction, прогноз
to prefer, предпочесть
pregnant, беременная
preparation, подготовка
to prepare, подготовить
prepared, готовый
presence, присутствие
present, подарок
presentation, презентация
to preserve, сохранить
president, президент
to press, нажать
pressure, давление
to pretend, притворяться
pretty, симпатичный
to prevent, чтобы предотвратить
previous, предыдущий
previously, ранее
price, цена
priest, священник
primary, начальный
prime, основной
prince, принц
princess, принцесса
principle, принцип
to print, печатать
printer, принтер
printing, печать
priority, приоритет
prison, тюрьма
prisoner, заключенный
privacy, конфиденциальность
private, частный
prize, приз
probably,вероятно
problem, проблема
procedure, процедура
process, процесс
to produce, производить
producer, производитель
product, продукт
production, производство
profession, профессия
professional, профессиональный
professor, профессор
profile, профиль
profit, выгода
program, программа
programme, программа
progress, прогресс
project, проект
to promise, обещать
to promote, продвигать
to pronounce, произносить
proof, доказательство
proper, правильный
properly, правильно
property, свойство
proposal, предложение
to propose, предложить
prospect, перспектива
to protect, защищать
protection, защита
protest, протест
proud, гордый
to prove, доказать
to provide, обеспечить
psychologist, психолог
psychology, психология
pub, паб
public, публичный
publication, публикация
to publish, публиковать
to pull, тянуть
to punish, наказать
punishment, наказание
pupil, ученик
purchase, покупка
pure, чистый
purple, фиолетовый
purpose, цель
to pursue, преследовать
to push, толкать
to put, положить
qualification, квалификация
qualified, квалифицированный
to qualify, квалифицироваться
quality, качество
quantity, количество
quarter, четверть
queen, королева
question, вопрос
queue, очередь
quick, быстрый
quickly, быстро
quiet, тихий
quietly, тихо
to quit, бросить
quite, довольно
quotation, цитата
to quote, цитировать
race (competition), гонка (соревнование)
race (people),раса (люди)
racing, гонки
radio, радио
railway, железная дорога
rain, дождь
to raise, поднять
range, диапазон
rank, классифицировать
rapid, стремительный
rapidly, быстро
rare, редкий
rarely, редко
rate, ставка
rather, скорее
raw, сырой
to reach, достичь
to react, реагировать
reaction, реакция
to read, читать
reader, читатель
reading, чтение
ready, готовый
real, настоящий
realistic, реалистичный
reality, реальность
to realize, осознать
really, Действительно
reason, причина
reasonable, разумный
to recall, вспомнить
receipt, квитанция
to receive, получить
recent, недавний
recently, недавно
reception, прием
recipe, рецепт
to recognize, распознавать
to recommend, рекомендовать
recommendation, рекомендация
record, записывать
recording, запись
to recover, восстанавливаться
to recycle, перерабатывать
red, красный
to reduce, уменьшить
reduction, снижение
to refer, ссылаться
reference, ссылка
to reflect, отражать
to refuse1, отказаться1
to regard, рассматривать
region, область
regional, региональный
to register, зарегистрироваться
to regret, сожалеть
regular, обычный
regularly, регулярно
regulation, регулирование
to reject, отвергать
to relate, относиться
related, связанный
relation, связь
relationship, отношение
relative, родственник
relatively, относительно
to relax, расслабиться
relaxed, расслабленный
relaxing, расслабляющий
to release, освободить
relevant,соответствующий
reliable, надежный
relief, облегчение
religion, религия
religious, религиозный
to rely, полагаться
to remain, оставаться
remark, замечание
to remember, помнить
to remind, напомнить
remote, удаленный
to remove, удалить
rent, арендовать
to repair, ремонтировать
to repeat, повторять
repeated, повторный
to replace, заменить
to reply, ответить
report, отчет
reporter, репортер
to represent, представлять
representative, представитель
reputation, репутация
request, запрос
to require, требовать
requirement, требование
to rescue, спасти
research, исследовать
researcher, исследователь
reservation, бронирование
reserve, бронировать
resident, резидент
to resist, сопротивляться
to resolve, решать
resort, прибегнуть
resource, ресурс
respect, уважать
to respond, ответить
response, ответ
responsibility, ответственность
responsible, ответственный
rest (remaining part), остальное (оставшаяся часть)
rest (sleep/relax), отдых (сон/расслабление)
restaurant, ресторан
result, результат
to retain, сохранить
to retire, уйти на пенсию
retired, ушедший на пенсию
to return, вернуться
to reveal, раскрыть
review, обзор
to revise, пересматривать
revolution, революция
reward, награда
rhythm, ритм
rice, рис
rich, богатый
to rid, чтобы избавить
to ride, ездить
right, верно
ring, кольцо
to ring2, звонить2
to rise, подняться
risk, риск
river, река
road, дорога
robot, робот
rock (stone),камень (рок)
rock (music), рок (музыка)
role, роль
to roll, катиться
romantic, романтический
roof, крыша
room, комната
root, корень
rope, веревка
rough, грубый
round, круглый
route, маршрут
routine, рутина
row, ряд
royal, королевский
to rub, тереть
rubber, резина
rubbish, мусор
rude, грубый
rugby, регби
rule, правило
to run, бежать
runner, бегун
running, бег
rural, деревенский
to rush, спешить
sad, грустно
sadly, грустно
safe, безопасный
safety, безопасность
to sail, плыть
sailing, парусный спорт
sailor, моряк
salad, салат
salary, зарплата
sale, распродажа
salt, соль
same, такой же
sample, образец
sand, песок
sandwich, сэндвич
satellite, спутник
satisfied, удовлетворен
to satisfy, удовлетворить
Saturday, Суббота
sauce, соус
to save, чтобы сохранить
saving, экономия
to say, сказать
scale, шкала
to scan, сканировать
scared, испуганный
scary, страшный
scene, сцена
schedule, расписание
scheme, схема
school, школа
science, наука
scientific, научный
scientist, ученый
to score, забивать
to scream, кричать
screen, экран
script, сценарий
sculpture, скульптура
sea, море
search, поиск
season, сезон
seat, сиденье
second1 (next after the first), второй1 (следующий после первого)
second1 (unit of time), секунда1 (единица времени)
secondary, вторичный
secondly, во-вторых
secret, секрет
secretary,секретарь
section, раздел
sector, сектор
to secure, для обеспечения
security, безопасность
to see, чтобы увидеть
seed, семя
to seek, искать
to seem, казаться
to select, выбрать
selection, выбор
self, себя
to sell, продать
to send, отправить
senior, старший
sense, смысл
sensible, разумный
sensitive, чувствительный
sentence, предложение
separate, отдельный
September, Сентябрь
sequence, последовательность
series, ряд
serious, серьезный
seriously, серьезно
servant, слуга
to serve, служить
service, услуга
session, сессия
set (put), установить (поставить)
set (group), набор (группа)
setting, параметр
to settle, урегулировать
seven, Семь
seventeen, семнадцать
seventy, семьдесят
several, несколько
severe, серьезный
sex, секс
sexual, сексуальный
shade, оттенок
shadow, тень
to shake, трясти
shall, должен
shallow, мелкий
shame, стыд
shape, форма
to share, поделиться
sharp, острый
she, она
sheep, овца
sheet, лист
shelf, полка
shell, оболочка
shelter, приют
shift, сдвиг
to shine, светить
shiny, блестящий
ship, корабль
shirt, рубашка
shock, шок
shocked, шокирован
shoe, башмак
to shoot, стрелять
shooting, стрельба
shop, магазин
shopping, шоппинг
short, короткий
shot, выстрелил
should, должен
shoulder, плечо
to shout, кричать
to show, показать
shower, душ
to shut, закрыть
shy,застенчивый
sick, больной
side, сторона
sight, взгляд
sign, знак
signal, сигнал
significant, значительный
significantly, существенно
silence, тишина
silent, тихий
silk, шелк
silly, глупый
silver, серебро
similar, похожий
similarity, сходство
similarly, сходным образом
simple, простой
simply, просто
since, с
sincere, искренний
to sing, петь
singer, певец
singing, пение
single, одинокий
to sink, тонуть
sir, сэр
sister, сестра
to sit, сидеть
site, сайт
situation, ситуация
six, шесть
sixteen, шестнадцать
sixty, шестьдесят
size, размер
to ski, кататься на лыжах
skiing, катание на лыжах
skill, навык
skin, кожа
skirt, юбка
sky, небо
slave, раб
to sleep, спать
slice, ломтик
to slide, скользить
slight, небольшой
slightly, немного
to slip, поскользнуться
slope, склон
slow, медленный
slowly, медленно
small, маленький
smart, умный
smartphone, смартфон
to smell, чувствовать запах
to smile, улыбаться
smoke, дым
smoking, курение
smooth, гладкий
snake, змея
snow, снег
so, так
soap, мыло
soccer, футбольный
social, социальный
society, общество
sock, носок
soft, мягкий
software, программное обеспечение
soil, земля
solar, солнечный
soldier, солдат
solid, твердый
solution, решение
to solve, решить
some, некоторый
somebody, кто-нибудь
someone, кто-то
something, что-нибудь
sometimes, иногда
somewhat,несколько
somewhere, где-то
son, сын
song, песня
soon, скоро
sorry, извини
sort, сортировать
soul, душа
sound, звук
soup, суп
source, источник
south, юг
southern, южный
space, космос
to speak, говорить
speaker, спикер
special, особенный
specialist, специалист
species, разновидность
specific, специфический
specifically, конкретно
speech, речь
speed, скорость
to spell, писать по буквам
spelling, написание
to spend, тратить
spending, расходы
spicy, пряный
spider, паук
spirit, дух
spiritual, духовный
to split, расколоть
spoken, разговорный
to sponsor, спонсировать
spoon, ложка
sport, спорт
spot, место
to spread, распространять
spring, весна
square, квадрат
stable, стабильный
stadium, стадион
staff, персонал
stage, этап
stair, лестница
stamp, штамп
to stand, стоять
standard, стандартный
star, звезда
to stare, смотреть
to start, начать
state, состояние
statement, заявление
station, станция
statistic, статистика
statue, статуя
status, статус
to stay, остаться
steady, устойчивый
to steal, украсть
steel, сталь
steep, отвесный
step, шаг
stick (push into/attach), вставить (вставить/прикрепить)
stick (piece of wood), палка (кусок дерева)
sticky, липкий
stiff, жесткий
still, все еще
stock, запас
stomach, желудок
stone, камень
to stop, остановить
store, магазин
storm, шторм
story,история
straight, прямой
strange, странный
stranger, незнакомец
strategy, стратегия
stream, транслировать
street, улица
strength, сила
stress, стресс
to stretch, растягиваться
strict, строгий
to strike, нанести удар
string, нить
strong, сильный
strongly, сильно
structure, структура
to struggle, бороться
student, студент
studio, студия
study, изучать
stuff, вещи
stupid, глупый
style, стиль
subject, предмет
to submit, представить
substance, вещество
to succeed, добиться успеха
success, успех
successful, успешный
successfully, успешно
such, такой
sudden, внезапный
suddenly, внезапно
to suffer, страдать
sugar, сахар
to suggest, предложить
suggestion, предположение
suit, подходить
suitable, подходящий
sum, сумма
to summarize, подвести итог
summary, краткое содержание
summer, лето
sun, солнце
Sunday, Воскресенье
supermarket, супермаркет
supply, поставлять
to support, поддерживать
supporter, сторонник
to suppose, предполагать
sure, конечно
surely, конечно
surface, поверхность
surgery, операция
surprise, сюрприз
surprised, удивлен
surprising, удивительно
to surround, окружать
surrounding, окружающий
survey, опрос
to survive, чтобы выжить
to suspect, подозревать
to swear, клясться
sweater, свитер
to sweep, подметать
sweet, сладкий
to swim, плавать
swimming, плавание
to switch, переключиться
symbol, символ
sympathy,сочувствие
symptom, симптом
system, система
table, стол
tablet, планшет
tail, хвост
to take, взять
tale, сказка
talent, талант
talented, талантливый
to talk, говорить
tall, высокий
tank, танк
tape, лента
target, цель
task, задача
taste, вкус
tax, налог
taxi, такси
tea, чай
to teach, учить
teacher, учитель
teaching, преподавание
team, команда
to tear1, рвать1
tear, рвать
technical, технический
technique, техника
technology, технология
teenage, подростковый
teenager, подросток
telephone, телефон
television, телевидение
to tell, рассказать
temperature, температура
temporary, временный
ten, десять
to tend, ухаживать
tennis, теннис
tent, палатка
term, срок
terrible, ужасный
test, тест
text, текст
than, чем
to thank, поблагодарить
thanks, Спасибо
that, что
the definite article A, определенный артикль A
theatre, театр
their, их
theirs, их
them, их
theme, тема
themselves, сами себя
then, затем
theory, теория
therapy, терапия
there, там
therefore, поэтому
they, они
thick, толстый
thief, вор
thin, тонкий
thing, вещь
to think, думать
thinking, думая
third, третий
thirsty, испытывающий жажду
thirteen, тринадцать
thirty, тридцать
this, этот
though, хотя
thought, мысль
thousand, тысяча
threat, угроза
to threaten,угрожать
three, три
throat, горло
through, через
throughout, через
to throw, бросать
Thursday, Четверг
thus, таким образом
ticket, билет
tidy, аккуратный
to tie, завязывать
tight, тугой
till, до
time, время
tin, олово
tiny, крошечный
tip, кончик
tired, усталый
title, заголовок
to, к
today, сегодня
toe, палец на ноге
together, вместе
toilet, туалет
tomato, помидор
tomorrow, завтра
tone, тон
tongue, язык
tonight, сегодня вечером
too, слишком
tool, инструмент
tooth, зуб
top, вершина
topic, тема
total, общий
totally, полностью
to touch, трогать
tough, жесткий
tour, тур
tourism, туризм
tourist, турист
towards, к
towel, полотенце
tower, башня
town, город
toy, игрушка
track, отслеживать
trade, торговля
tradition, традиция
traditional, традиционный
traffic, трафик
train, тренироваться
trainer, тренер
training, обучение
to transfer, передавать
to transform, преобразовать
transition, переход
to translate, переводить
translation, перевод
transport, транспорт
to travel, путешествовать
traveller, путешественник
to treat, лечить
treatment, уход
tree, дерево
trend, тенденция
trial, пробный
trick, обманывать
trip, путешествие
tropical, тропический
trouble, беда
trousers, брюки
truck, грузовик
TRUE,TRUE
truly, действительно
trust, доверять
truth, правда
to try, попробовать
T-shirt,футболка
tube, трубка
Tuesday, Вторник
tune, мелодия
tunnel, туннель
to turn, повернуть
TV, ТВ
twelve, двенадцать
twenty, двадцать
twice, дважды
twin, близнец
two, два
type, тип
typical, типичный
typically, типично
tyre, шина
ugly, уродливый
ultimately, в конечном счете
umbrella, зонтик
unable, не могущий
uncle, дядя
uncomfortable, неудобно
unconscious, бессознательный
under, под
underground, под землей
to understand, понимать
understanding, понимание
underwear, нижнее белье
unemployed, безработный
unemployment, безработица
unexpected, непредвиденный
unfair, несправедливый
unfortunately, к сожалению
unhappy, несчастный
uniform, униформа
union, союз
unique, уникальный
unit, единица
united, объединенный
universe, вселенная
university, университет
unknown, неизвестный
unless, пока не
unlike, в отличие от
unlikely, маловероятно
unnecessary, ненужный
unpleasant, неприятный
until, до
unusual, необычный
up, вверх
to update, обновить
upon, на
upper, верхний
upset, расстройство
upstairs, наверху
upwards, вверх
urban, городской
to urge, призывать
us, нас
to use, использовать
used, использовал
used to, привыкший
useful, полезный
user, пользователь
usual, обычный
usually, обычно
vacation, отпуск
valley, долина
valuable, ценный
value, ценить
van, фургон
variety, разнообразие
various, различный
to vary, варьироваться
vast, огромный
vegetable,овощ
vehicle, транспортное средство
venue, место проведения
version, версия
very, очень
via, с помощью
victim, жертва
victory, победа
video, видео
view, вид
viewer, зритель
village, деревня
violence, насилие
violent, жестокий
virtual, виртуальный
virus, вирус
vision, зрение
to visit, посетить
visitor, посетитель
visual, визуальный
vital, жизненно важный
vitamin, витамин
voice, голос
volume, объем
volunteer, доброволец
vote, голосование
wage, заработная плата
to wait, ждать
waiter, официант
to wake, разбудить
to walk, ходить
wall, стена
to want, хотеть
war, война
warm, теплый
to warn, предупредить
warning, предупреждение
to wash, мыть
washing, стирка
waste, напрасно тратить
to watch, смотреть
water, вода
wave, волна
way, способ
we, мы
weak, слабый
weakness, слабость
wealth, богатство
wealthy, богатый
weapon, оружие
to wear, носить
weather, погода
web, веб
website, веб-сайт
wedding, свадьба
Wednesday, Среда
week, неделя
weekend, выходные
to weigh, взвешивать
weight, масса
welcome, добро пожаловать
well, хорошо
west, запад
western, западный
wet, влажный
what, что
whatever, что бы ни
wheel, колесо
when, когда
whenever, в любое время
where, где
whereas, тогда как
wherever, где бы то ни было
whether, ли
which, который
while, пока
to whisper, шептать
white, белый
who, ВОЗ
whole,весь
whom, кому
whose, чей
why, почему
wide, широкий
widely, широко
wife, жена
wild, дикий
wildlife, дикая природа
will, воля
willing, готовый
to win, чтобы победить
wind, ветер
to wind2, к ветру2
window, окно
wine, вино
wing, крыло
winner, победитель
winter, зима
wire, проволока
wise, мудрый
to wish, желать
with, с
within, в пределах
without, без
witness, свидетель
woman, женщина
to wonder, удивляться
wonderful, замечательный
wood, древесина
wooden, деревянный
wool, шерсть
word, слово
to work, работать
worker, работник
working, работающий
world, мир
worldwide, во всем мире
worried, волновался
to worry, беспокоиться
worse, худший
worst, худший
worth, ценность
would, бы
wound, ранить
wow, ух ты
to wrap, обернуть
to write, писать
writer, писатель
writing, письмо
written, написано
wrong, неправильный
yard, площадка
yeah, ага
year, год
yellow, желтый
yes, да
yesterday, вчера
yet, еще
you, ты
young, молодой
your, твой
yours, твой
yourself, сам
youth, молодость
zero, ноль
zone, зона
to abolish, отменить
abortion, аборт
absence, отсутствие
absent, отсутствующий
to absorb, поглощать
abstract, абстрактный
absurd, абсурдный
abundance, избыток
abuse, злоупотреблять
academy, академия
to accelerate, ускорить
accent, акцент
acceptance, принятие
accessible,доступный
accidentally, случайно
to accommodate, для размещения
to accomplish, для достижения
accomplishment, достижение
accordance, соответствие
accordingly, соответственно
accountability, подотчетность
accountable, подотчетный
accountant, бухгалтер
to accumulate, накапливать
accumulation, накопление
accuracy, точность
accurately, точно
accusation, обвинение
accused, обвиняемый
acid, кислота
acquisition, приобретение
acre, акр
to activate, активировать
activation, активация
activist, активист
acute, острый
adaptation, приспособление
addiction, зависимость
additionally, кроме того
adequate, адекватный
adequately, адекватно
to adhere, придерживаться
adjacent, соседний
to adjust, настроить
adjustment, корректирование
to administer, администрировать
administrative, административный
administrator, администратор
admission, допуск
adolescent, подросток
adoption, принятие
adverse, неблагоприятный
advocate, защитник
aesthetic, эстетический
affection, привязанность
affordable, доступный
aftermath, последствия
aggression, агрессия
agricultural, сельскохозяйственный
agriculture, сельское хозяйство
aide, помощник
AIDS, СПИД
albeit, хотя
to alert, предупреждать
alien, чужак
to align, выравнивать
alignment, выравнивание
alike, одинаково
allegation, утверждение
to allege, утверждать
allegedly, якобы
alliance, альянс
to allocate, выделять
allocation, распределение
allowance, разрешение
ally, союзник
alongside,рядом
altogether, в целом
aluminium, алюминий
amateur, любитель
ambassador, посол
ambulance, скорая помощь
to amend, вносить поправки
amendment, поправка
amid, среди
amusing, занимательный
analogy, аналогия
analyst, аналитик
ancestor, предок
anchor, якорь
angel, ангел
animation, анимация
annually, ежегодно
anonymous, анонимный
to anticipate, предвидеть
anxiety, беспокойство
apology, извинение
apparatus, аппарат
appealing, привлекательный
appetite, аппетит
to applaud, аплодировать
applicable, применимый
applicant, заявитель
to appoint, назначать
appreciation, признательность
appropriately, соответствующим образом
arbitrary, произвольный
architectural, архитектурный
archive, архив
arena, арена
arguably, возможно
to arm, вооружить
array, множество
arrow, стрелка
to articulate, артикулировать
artwork, произведение искусства
ash, пепел
aside, в сторону
aspiration, стремление
to aspire, стремиться
assassination, убийство
assault, атаковать
to assemble, собирать
assembly, сборка
to assert, утверждать
assertion, утверждение
asset, объект
to assign, назначить
assistance, помощь
assumption, предположение
assurance, уверенность
to assure, гарантировать
astonishing, удивительный
asylum, убежище
atrocity, зверство
attachment, вложение
to attain, достичь
attendance, посещаемость
attorney, адвокат
to attribute, приписывать
auction, аукцион
audio, аудио
audit,аудит
authentic, аутентичный
to authorize, разрешить
auto, авто
automatic, автоматический
automatically, автоматически
autonomy, автономия
availability, доступность
to await, ждать
awareness, осведомленность
awkward, неуклюжий
backdrop, фон
backing, поддержка
backup, резервное копирование
badge, значок
bail, залог
balanced, сбалансированный
ballet, балет
balloon, воздушный шар
ballot, бюллетень для голосования
banner, баннер
bare, голый
barely, едва
bargain, торговаться
barrel, бочка
basement, подвал
basket, корзина
bass, бас
bat, летучая мышь
battlefield, поле битвы
bay, залив
beam, луч
beast, зверь
behalf, от имени
beloved, возлюбленный
bench, лавка
benchmark, бенчмарк
beneath, под
beneficial, выгодный
beneficiary, бенефициар
beside, рядом
besides, кроме
to betray, предать
bias, предвзятость
bid, делать ставку
to bind, связывать
biography, биография
biological, биологический
bishop, епископ
bizarre, странный
blade, лезвие
blanket, одеяло
blast, взрыв
to bleed, истекать кровью
to blend, смешивать
to bless, благословлять
blessing, благословение
blow, дуть
to boast, хвастаться
bold, смелый
bombing, бомбардировка
bonus, бонус
booking, бронирование
boom, бум
to boost, для повышения
to bounce, подпрыгивать
bound, граница
boundary, граница
to bow1, кланяться1
breach, нарушение
breakdown, авария
breakthrough, прорыв
to breed, разводить
brick,кирпич
briefly, кратко
broadband, широкополосный
broadcaster, вещатель
broadly, в целом
browser, браузер
brutal, жестокий
buck, доллар
buddy, приятель
buffer, буфер
bug, ошибка
bulk, масса
burden, груз
bureaucracy, бюрократия
burial, захоронение
to burst, лопнуть
cabin, кабина
cabinet, кабинет
calculation, расчет
canal, канал
candle, свеча
canvas, холст
capability, способность
capitalism, капитализм
capitalist, капиталистический
carbon, углерод
cargo, груз
carriage, перевозка
to carve, вырезать
casino, казино
casual, повседневный
casualty, несчастный случай
catalogue, каталог
to cater, обслуживать
cattle, крупный рогатый скот
caution, осторожность
cautious, осторожный
cave, пещера
to cease, прекратить
cemetery, кладбище
certainty, уверенность
certificate, сертификат
challenging, испытывающий
chamber, камера
championship, чемпионат
chaos, хаос
to characterize, характеризовать
charm, очарование
charming, очаровательный
charter, устав
to chase, преследовать
cheek, щека
to cheer, подбадривать
choir, хор
to chop, рубить
chronic, хронический
chunk, кусок
circuit, схема
to circulate, циркулировать
circulation, циркуляция
citizenship, гражданство
civic, гражданский
civilian, гражданский
civilization, цивилизация
to clarify, прояснить
clarity, ясность
clash, столкновение
classification, классификация
to classify, классифицировать
clerk, клерк
cliff,утес
to cling, цепляться
clinic, клиника
clinical, клинический
clip, клип
closure, закрытие
cluster, кластер
coalition, коалиция
coastal, прибрежный
cocktail, коктейль
cognitive, когнитивный
to coincide, совпадать
coincidence, совпадение
to collaborate, сотрудничать
collaboration, сотрудничество
collective, коллектив
collector, коллекционер
collision, столкновение
colonial, колониальный
colony, колония
colourful, красочный
columnist, обозреватель
combat, бой
comic, комический
commander, командир
to commence, начать
commentary, комментарий
commentator, комментатор
commerce, коммерция
commissioner, комиссар
commodity, товар
communist, коммунист
companion, компаньон
comparable, сопоставимый
comparative, сравнительный
compassion, сострадание
to compel, заставить
compelling, неотразимый
to compensate, чтобы компенсировать
compensation, компенсация
competence, компетентность
competent, компетентный
to compile, компилировать
to complement, дополнять
completion, завершение
complexity, сложность
compliance, согласие
complication, осложнение
to comply, соблюдать
to compose, сочинять
composer, композитор
composition, состав
compound, сложный
comprehensive, всесторонний
to comprise, включать в себя
compromise, компромисс
compulsory, принудительный
to compute, вычислять
to conceal, скрывать
to concede, уступать
to conceive, зачать
conception, зачатие
concession,концессия
concrete, конкретный
to condemn, осуждать
to confer, присуждать
to confess, признаться
confession, признание
configuration, конфигурация
to confine, ограничивать
confirmation, подтверждение
to confront, противостоять
confrontation, конфронтация
confusion, путаница
to congratulate, поздравить
congregation, конгрегация
congressional, конгрессмен
to conquer, покорять
conscience, совесть
consciousness, сознание
consecutive, последовательный
consensus, консенсус
consent, согласие
consequently, следовательно
conservation, сохранение
to conserve, сохранять
considerable, значительный
considerably, значительно
consistency, последовательность
consistently, последовательно
to consolidate, консолидировать
conspiracy, заговор
constituency, избирательный округ
to constitute, составлять
constitution, конституция
constitutional, конституционный
constraint, ограничение
to consult, проконсультироваться
consultant, консультант
consultation, консультация
consumption, потребление
to contemplate, созерцать
contempt, презрение
to contend, утверждать
contender, претендент
contention, разногласие
continually, постоянно
contractor, подрядчик
contradiction, противоречие
contrary, вопреки
contributor, участник
controversial, спорный
controversy, противоречие
convenience, удобство
convention, соглашение
conventional, общепринятый
conversion, конверсия
to convey, передать
to convict, осуждать
conviction,убеждение
convincing, убедительный
to cooperate, сотрудничать
cooperative, кооперативный
to coordinate, координировать
coordination, координация
coordinator, координатор
cop, коп
to cope, чтобы справиться
copper, медь
copyright, авторское право
corporation, корпорация
correction, исправление
to correlate, коррелировать
correlation, корреляция
to correspond, соответствовать
correspondence, переписка
correspondent, корреспондент
corresponding, соответствующий
corridor, коридор
corrupt, коррумпированный
corruption, коррупция
costly, дорогостоящий
councillor, советник
counselling, консультирование
counsellor, консультант
counter (long flat surface), прилавок (длинная плоская поверхность)
counter (argue against), контр (возражать против)
counterpart, коллега
countless, бесчисленное множество
coup, переворот
courtesy, учтивость
coverage, покрытие
to crack, взломать
craft, ремесло
to crawl, ползать
creativity, креативность
creator, создатель
credibility, доверие
credible, заслуживающий доверия
to creep, ползать
critically, критически
critique, критика
crown, корона
crude, сырой
cruise, круиз
to crush, раздавить
crystal, кристалл
cue, кий
cult, культ
to cultivate, культивировать
curiosity, любопытство
curious, любопытный
curriculum, учебный план
custody, попечение
cute, милый
cutting, резка
cynical, циничный
dairy, молочный
dam, плотина
damaging, разрушительный
to dare, осмелиться
darkness, тьма
database, база данных
dawn,рассвет
deadline, крайний срок
deadly, смертельный
dealer, дилер
debris, обломки
debut, дебют
decision-making, принятие решений
decisive, решительный
deck, палуба
declaration, декларация
dedicated, преданный
dedication, преданность
deed, поступок
to deem, считать
default, по умолчанию
defect, дефект
defender, защитник
defensive, оборонительный
deficiency, дефицит
deficit, дефицит
to defy, бросить вызов
delegate, делегат
delegation, делегация
to delete, удалить
delicate, деликатный
democracy, демократия
democratic, демократический
demon, демон
demonstration, демонстрация
denial, отрицание
to denounce, осуждать
dense, плотный
density, плотность
to depart, отходить
dependence, зависимость
dependent, зависимый
to depict, изображать
to deploy, развернуть
deployment, развертывание
deposit, депозит
depression, депрессия
to deprive, лишать
deputy, заместитель
to derive, выводить
to descend, спускаться
descent, спуск
to designate, обозначать
desirable, желательно
desktop, рабочий стол
desperately, отчаянно
destruction, разрушение
destructive, разрушительный
to detain, задерживать
detection, обнаружение
detention, задержание
to deteriorate, ухудшаться
determination, определение
to devastate, опустошать
devil, дьявол
to devise, изобретать
to devote, посвящать
to diagnose, диагностировать
diagnosis, диагноз
to dictate, диктовать
dictator, диктатор
to differ,отличаться
to differentiate, дифференцировать
dignity, достоинство
dilemma, дилемма
dimension, измерение
to diminish, уменьшить
to dip, окунать
diplomat, дипломат
diplomatic, дипломатический
directory, каталог
disability, инвалидность
disabled, неполноценный
disagreement, несогласие
to disappoint, разочаровывать
disappointment, разочарование
disastrous, катастрофический
to discard, отбрасывать
to discharge, разрядить
to disclose, раскрывать
disclosure, раскрытие информации
to discourage, обескураживать
discourse, дискурс
discretion, осмотрительность
discrimination, дискриминация
dismissal, увольнение
disorder, расстройство
to displace, вытеснять
disposal, утилизация
to dispose, распоряжаться
dispute, спор
to disrupt, нарушать
disruption, нарушение
to dissolve, растворить
distant, далекий
distinct, отчетливый
distinction, различие
distinctive, отличительный
to distinguish, различать
to distort, искажать
to distract, отвлекать
distress, бедствие
to disturb, беспокоить
disturbing, тревожный
to dive, нырять
diverse, разнообразный
diversity, разнообразие
to divert, отвлекать
divine, божественный
divorce, развод
doctrine, доктрина
documentation, документация
domain, домен
dominance, доминирование
dominant, доминирующий
donation, пожертвование
donor, донор
dose, доза
dot, точка
downtown, центр города
to drain, слить
dramatically, драматически
to drift, дрейфовать
drought, засуха
to drown,утонуть
dual, двойной
to dub, дублировать
dull, тупой
dumb, тупой
to dump, сбрасывать
duo, дуэт
duration, продолжительность
dynamic, динамический
eager, жаждущий
earnings, заработок
ease, простота
to echo, эхом
ecological, экологический
economics, экономика
economist, экономист
editorial, редакционная статья
educator, педагог
effectiveness, эффективность
efficiency, эффективность
efficiently, эффективно
ego, эго
elaborate, разрабатывать
elbow, локоть
electoral, избирательный
electronics, электроника
elegant, элегантный
elementary, элементарный
to elevate, поднять
eligible, имеющий право
to eliminate, устранить
elite, элита
to embark, приступить к работе
embarrassment, смущение
embassy, посольство
to embed, встраивать
to embody, воплощать
to embrace, обнимать
emergence, возникновение
emission, эмиссия
emotionally, эмоционально
empire, империя
empirical, эмпирический
to empower, для расширения прав и возможностей
to enact, принять
to encompass, охватывать
encouragement, поощрение
encouraging, поощрение
endeavour, стараться
endless, бесконечный
to endorse, одобрять
endorsement, поддержка
to endure, терпеть
to enforce, для обеспечения соблюдения
enforcement, исполнение
engagement, обручение
engaging, увлекательный
enjoyable, приятный
to enquire, спрашивать
to enrich, обогащать
to enrol, зарегистрироваться
to ensue, последовать
enterprise, предприятие
entertaining, развлекательный
enthusiast, энтузиаст
to entitle, давать право
entity,сущность
entrepreneur, предприниматель
envelope, конверт
epidemic, эпидемия
equality, равенство
equation, уравнение
to equip, оснащать
equivalent, эквивалент
era, эра
to erect, возводить
to erupt, извергаться
to escalate, обострять
essence, сущность
essentially, по сути
establishment, учреждение
eternal, вечный
ethic, этика
ethnic, этнический
to evacuate, эвакуировать
evaluation, оценка
evident, очевидный
to evoke, вызывать
evolution, эволюция
evolutionary, эволюционный
to evolve, развиваться
to exaggerate, преувеличивать
to exceed, превзойти
excellence, совершенство
exception, исключение
exceptional, исключительный
excess, избыток
excessive, излишний
to exclude, исключить
exclusion, исключение
exclusive, эксклюзивный
exclusively, исключительно
to execute, выполнить
execution, исполнение
to exert, оказывать
to exhibit, выставлять
exile, изгнание
exit, Выход
exotic, экзотический
expansion, расширение
expenditure, расходы
experimental, экспериментальный
expertise, экспертиза
to expire, истекать
explicit, явный
explicitly, явно
to exploit, эксплуатировать
exploitation, эксплуатация
explosive, взрывчатое вещество
exposure, контакт
extension, расширение
extensive, обширный
extensively, экстенсивно
extract, извлекать
extremist, экстремистский
fabric, ткань
fabulous, поразительнй
to facilitate, чтобы облегчить
faction, фракция
faculty, факультет
to fade, исчезать
failed,неуспешный
fairness, справедливость
fake, фальшивый
fame, слава
fantasy, фантастика
fare, плата за проезд
fatal, фатальный
fate, судьба
favourable, благоприятный
feat, подвиг
federal, федеральный
feminist, феминистка
fever, высокая температура
fibre, волокно
fierce, яростный
film-maker, кинорежиссер
filter, фильтр
firearm, огнестрельное оружие
firefighter, пожарный
firework, фейерверк
firmly, твердо
fit, соответствовать
fixture, приспособление
flavour, вкус
flaw, недостаток
flawed, несовершенный
to flee, бежать
fleet, флот
flesh, плоть
flexibility, гибкость
to flourish, процветать
fluid, жидкость
fond, любящий
fool, дурак
footage, отснятый материал
to forbid, запрещать
forecast, прогноз
foreigner, иностранец
to forge, ковать
format, формат
formation, формирование
formerly, раньше
formula, формула
to formulate, формулировать
forth, вперед
forthcoming, предстоящий
fortunate, повезло
forum, форум
fossil, ископаемое
to foster, способствовать
foundation, фундамент
founder, основатель
fraction, дробь
fragile, хрупкий
fragment, фрагмент
framework, рамки
franchise, франшиза
frankly, честно говоря
fraud, мошенничество
freely, свободно
frequent, частый
frustrated, расстроенный
frustrating, раздражающий
frustration, разочарование
to fulfil, выполнить
full-time, на постоянной основе
functional, функциональный
fundamentally, принципиально
fundraising, сбор средств
funeral, похороны
furious, яростный
gallon,галлон
gambling, играть в азартные игры
gaming, игровой
gathering, встреча
gay, гей
gaze, взгляд
gear, механизм
gender, пол
gene, ген
generic, общий
genetic, генетический
genius, гений
genocide, геноцид
genuine, подлинный
genuinely, искренне
gesture, жест
gig, концерт
glance, взглянуть мельком
glimpse, случайно заметить
globalization, глобализация
globe, глобус
glorious, славный
glory, слава
golden, золотой
goodness, доброта
gorgeous, великолепный
governance, управление
governor, губернатор
grace, милость
graphic, графический
graphics, графика
to grasp, схватить
grave (for dead person), могила (для умершего)
grave (serious), серьезный (серьезный)
gravity, гравитация
greatly, в значительной степени
greenhouse, теплица
grid, сетка
grief, горе
to grin, ухмыляться
to grind, молоть
grip, схватить
grocery, бакалея
gross, валовой
guerrilla, партизан
guidance, руководство
guideline, руководство
guilt, вина
gut, кишка
habitat, среда обитания
to hail, приветствовать
halfway, наполовину
to halt, остановить
handful, горстка
handling, умение обращаться
handy, удобный
harassment, домогательство
harbour, гавань
hardware, аппаратное обеспечение
harmony, гармония
harsh, жесткий
harvest, урожай
hatred n, ненависть н
to haunt, преследовать
hazard, опасность
headquarters, штаб-квартира
to heal, исцелять
healthcare, здравоохранение
to heighten, усиливать
helmet, шлем
hence, следовательно
herb,трава
heritage, наследство
hidden, скрытый
hierarchy, иерархия
high-profile, высококлассный
highway, шоссе
hilarious, веселый
hint, намекать
hip, бедро
historian, историк
homeland, родина
homeless, бездомный
honesty, честность
to hook, зацепить
hopeful, обнадеживающий
hopefully, с надеждой
horizon, горизонт
horn, рог
hostage, заложник
hostile, враждебный
hostility, враждебность
humanitarian, гуманитарный
humanity, человечество
humble, скромный
hunger, голод
hydrogen, водород
hypothesis, гипотеза
icon, икона
ID, ИДЕНТИФИКАТОР
identical, идентичный
identification, идентификация
ideological, идеологический
ideology, идеология
idiot, идиот
ignorance, невежество
illusion, иллюзия
imagery, образы
immense, огромный
immigration, иммиграция
imminent, неизбежный
immune, иммунный
to implement, реализовать
implementation, выполнение
implication, импликация
to imprison, заключать в тюрьму
imprisonment, тюремное заключение
inability, неспособность
inadequate, неадекватный
inappropriate, неприличный
incentive, стимул
incidence, заболеваемость
inclined, наклонный
inclusion, включение
to incorporate, включить
incorrect, неправильный
to incur, нести
independence, независимость
index, индекс
indication, указание
indicator, индикатор
indictment, обвинительный акт
indigenous, местный
to induce, вызывать
to indulge, баловать
inequality, неравенство
inevitable, неизбежный
inevitably,неизбежно
infamous, позорный
infant, младенец
to infect, заражать
to infer, делать вывод
inflation, инфляция
to inflict, нанести
influential, влиятельный
info, информация
infrastructure, инфраструктура
inhabitant, житель
inherent, присущий
to inherit, наследовать
to inhibit, ингибировать
to initiate, инициировать
to inject, вводить
injection, инъекция
injustice, несправедливость
ink, чернила
inmate, заключенный
innovation, инновации
innovative, инновационный
input, вход
to insert, вставить
insertion, вставка
insider, инсайдер
to inspect, осматривать
inspection, осмотр
inspector, инспектор
inspiration, вдохновение
installation, установка
instant, мгновенный
instantly, немедленно
instinct, инстинкт
institutional, институциональный
to instruct, инструктировать
instrumental, инструментальный
insufficient, недостаточный
insult, оскорблять
intact, нетронутый
intake, потребление
integral, интеграл
to integrate, интегрировать
integrated, интегрированный
integration, интеграция
integrity, честность
intellectual, интеллектуальный
to intensify, интенсифицировать
intensity, интенсивность
intensive, интенсивный
intent, намерение
to interact, взаимодействовать
interaction, взаимодействие
interactive, интерактивный
interface, интерфейс
to interfere, вмешиваться
interference, вмешательство
interim, временный
interior, интерьер
intermediate, средний
interpretation, интерпретация
interval, интервал
to intervene,вмешаться
intervention, вмешательство
intimate, интимный
intriguing, интригующий
to invade, вторгаться
invasion, вторжение
investigator, следователь
investor, инвестор
invisible, невидимый
to invoke, вызывать
involvement, участие
ironic, ироничный
ironically, по иронии судьбы
irony, ирония
irrelevant, не имеющий отношения
to isolate, изолировать
isolated, изолированный
isolation, изоляция
jail, тюрьма
jet, струя
joint, соединение
journalism, журналистика
judicial, судебный
junction, перекресток
jurisdiction, юрисдикция
jury, жюри
justification, оправдание
to kidnap, похищать
kidney, почка
kingdom, королевство
kit, набор
lad, парень
ladder, лестница
landing, посадка
landlord, домовладелец
landmark, достопримечательность
lane, переулок
lap, колени
large-scale, крупномасштабный
laser, лазер
lately, недавно
latter, последний
lawn, лужайка
lawsuit, судебный процесс
layout, макет
leaflet, листовка
to leak, течь
to leap, прыгать
legacy, наследие
legend, легенда
legendary, легендарный
legislation, законодательство
legislative, законодательный
legislature, законодательный орган
legitimate, законный
lengthy, длинный
lens, линза
lesbian, лесбиянка
lesser, меньший
lethal, смертельный
liable, ответственный
liberal, либеральный
liberation, освобождение
liberty, свобода
to license, лицензировать
lifelong, пожизненный
lifetime, продолжительность жизни
lighting, освещение
likelihood, вероятность
likewise, так же
limb,конечность
limitation, ограничение
linear, линейный
line-up, расстановка
to linger, задерживаться
listing, листинг
literacy, грамотность
literally, буквально
literary, литературный
litre, литр
litter, мусор
liver, печень
lobby, лобби
log, бревно
logic, логика
logo, логотип
long-standing, давний
long-time, много времени
to loom, маячить
loop, петля
lottery, лотерея
loyal, лояльный
loyalty, верность
lyric, лирический
machinery, машины
magical, волшебный
magistrate, магистрат
magnetic, магнитный
magnificent, великолепный
magnitude, величина
mainland, материк
mainstream, мейнстрим
maintenance, обслуживание
make-up, составить
making, изготовление
mandate, мандат
mandatory, обязательный
to manifest, проявлять
to manipulate, манипулировать
manipulation, манипуляция
to manufacture, для производства
manufacturing, производство
manuscript, рукопись
marathon, марафон
march, маршировать
margin, допуск
marginal, маргинальный
marine, морской
marker, маркер
marketplace, рынок
martial, боевые
mask, маска
massacre, резня
mate, приятель
mathematical, математический
mature, зрелый
to maximize, максимизировать
mayor, мэр
meaningful, значимый
meantime, тем временем
mechanic, механик
mechanical, механический
mechanism, механизм
medal, медаль
medication, медикамент
medieval, средневековый
meditation, медитация
melody, мелодия
membership, членство
memo,меморандум
memoir, мемуары
memorable, памятный
memorial, мемориал
mentor, наставник
merchant, торговец
mercy, милосердие
mere, просто
merely, просто
to merge, объединить
merger, слияние
merit, заслуга
metaphor, метафора
methodology, методология
midst, середина
migration, миграция
militant, воинствующий
militia, милиция
mill, мельница
miner, шахтер
minimal, минимальный
to minimize, минимизировать
mining, добыча
ministry, министерство
minute, минута
miracle, чудо
miserable, убогий
misery, невзгоды
misleading, вводящий в заблуждение
missile, ракета
mob, толпа
mobility, мобильность
to mobilize, мобилизовать
mode, режим
moderate, умеренный
modest, скромный
modification, модификация
momentum, импульс
monk, монах
monopoly, монополия
monster, монстр
monthly, ежемесячно
monument, памятник
morality, мораль
moreover, более того
mortgage, ипотека
mosque, мечеть
motion, движение
to motivate, мотивировать
motivation, мотивация
motive, мотив
motorist, автомобилист
moving, движущийся
municipal, муниципальный
mutual, взаимный
myth, миф
naked, голый
namely, а именно
nasty, противный
nationwide, по всей стране
naval, военно-морской
navigation, навигация
nearby, рядом
necessity, необходимость
to neglect, пренебрегать
to negotiate, вести переговоры
negotiation, переговоры
neighbouring, соседний
nest, гнездо
neutral, нейтральный
newly, недавно
newsletter, информационный бюллетень
niche, ниша
noble,благородный
to nod, кивать
to nominate, номинировать
nomination, номинация
nominee, номинант
nonetheless, тем не менее
non-profit, некоммерческий
nonsense, ерунда
noon, полдень
norm, норма
notable, заметный
notably, в частности
notebook, блокнот
to notify, уведомить
notorious, печально известный
novelist, романист
nowadays, настоящее время
nursery, питомник
nursing, сестринское дело
nutrition, питание
obesity, ожирение
objection, возражение
to oblige, обязать
observer, наблюдатель
to obsess, одержимость
obsession, одержимость
obstacle, препятствие
occasional, случайный
occupation, занятие
to occupy, занимать
occurrence, возникновение
odds, шансы
offender, преступник
offering, предлагая
offspring, потомство
ongoing, непрерывный
openly, открыто
opera, опера
operational, оперативный
operator, оператор
to opt, выбирать
optical, оптический
optimism, оптимизм
optimistic, оптимистичный
oral, устный
orchestra, оркестр
organic, органический
organizational, организационный
orientation, ориентация
to originate, возникать
outbreak, вспышка
outfit, одежда
outing, вылазка
outlet, выход
outlook, перспективы
output, выход
outrage, возмущение
outsider, аутсайдер
outstanding, выдающийся
to overcome, преодолеть
to overlook, упускать из виду
overly, чрезмерно
overnight, на ночь
overseas, за границей
to oversee, контролировать
to overturn, опрокинуть
to overwhelm, подавлять
overwhelming,подавляющий
ownership, собственность
oxygen, кислород
packet, пакет
pad, прокладка
palm, ладонь
panic, паника
parade, парад
parallel, параллельный
parameter, параметр
parental, родительский
parish, приход
parliamentary, парламентский
partial, частичный
partially, частично
participation, участие
partnership, партнерство
part-time, неполная занятость
passing, прохождение
passionate, страстный
passive, пассивный
password, пароль
pastor, пастор
patch, пластырь
patent, патент
pathway, тропа
patience, терпение
patrol, патруль
patron, покровитель
to pause, сделать паузу
peak, пик
peasant, крестьянин
peculiar, своеобразный
peer, вглядеться
penalty, штраф
to perceive, воспринимать
perception, восприятие
permanently, постоянно
to persist, сохраняться
persistent, настойчивый
personnel, персонал
petition, петиция
philosopher, философ
philosophical, философский
physician, врач
pill, таблетка
pioneer, пионер
pipeline, трубопровод
pirate, пират
pit, яма
pity, жалость
placement, размещение
plea, мольба
to plead, умолять
to pledge, давать обещание
to plug, подключать
to plunge, погружаться
pole, полюс
poll, голосование
pond, пруд
to pop, лопнуть
portfolio, портфель
portion, часть
to portray, изображать
to postpone, отложить
post-war, послевоенный
potentially, потенциально
practitioner, практикующий
to preach, проповедовать
to precede,предшествовать
precedent, прецедент
precious, драгоценный
precise, точный
precisely, именно так
precision, точность
predator, хищник
predecessor, предшественник
predictable, предсказуемый
predominantly, преимущественно
preference, предпочтение
pregnancy, беременность
prejudice, предрассудки
preliminary, предварительный
premier, премьер
premise, предпосылка
premium, премиум
to prescribe, прописывать
prescription, рецепт
presently, в настоящее время
preservation, сохранение
to preside, председательствовать
presidency, президентство
presidential, президентский
prestigious, престижный
presumably, предположительно
to presume, предполагать
to prevail, преобладать
prevalence, распространенность
prevention, профилактика
prey, добыча
pride, гордость
primarily, в первую очередь
principal, главный
prior, прежний
privatization, приватизация
privilege, привилегия
probability, вероятность
probable, вероятный
probe, зонд
problematic, проблематичный
to proceed, продолжить
proceedings, разбирательство
proceeds, доходы
processing, обработка
processor, процессор
to proclaim, провозглашать
productive, продуктивный
productivity, производительность
profitable, прибыльный
profound, глубокий
programming, программирование
progressive, прогрессивный
to prohibit, запрещать
projection, проекция
prominent, видный
promising, многообещающий
promotion, повышение
to prompt, подсказать
pronounced, произносится
propaganda, пропаганда
proportion, пропорция
proposition,предложение
to prosecute, преследовать в судебном порядке
prosecution, преследование
prosecutor, прокурор
prospective, перспективный
prosperity, процветание
protective, защитный
protein, белок
protester, протестующий
protocol, протокол
province, провинция
provincial, провинциальный
provision, обеспечение
to provoke, провоцировать
psychiatric, психиатрический
psychological, психологический
publicity, публичность
publishing, издательский
pulse, пульс
to pump, качать
punch, ударить кулаком
punk, панк
purely, чисто
pursuit, преследование
puzzle, головоломка
query, запрос
quest, квест
questionnaire, вопросник
quota, квота
racial, расовый
racism, расизм
racist, расистский
radar, радар
radiation, радиация
radical, радикальный
rage, ярость
raid, рейд
rail, рельс
rally, ралли
random, случайный
ranking, рейтинг
rape, изнасилование
rat, крыса
rating, рейтинг
ratio, соотношение
rational, рациональный
ray, луч
readily, легко
realization, реализация
realm, область
rear, задний
reasonably, разумно
reasoning, рассуждение
to reassure, успокаивать
rebel, мятежник
rebellion, восстание
to rebuild, перестроить
receiver, приемник
recession, рецессия
recipient, получатель
to reckon, рассчитывать
recognition, признание
reconstruction, реконструкция
to recount1, пересчитывать1
recovery, восстановление
to recruit, набирать
recruitment, набор
referee, судья
referendum, референдум
reflection,отражение
reform, реформа
refuge, убежище
refugee, беженец
refusal, отказ
to regain, вернуть
regardless, несмотря ни на что
regime, режим
registration, регистрация
to regulate, регулировать
regulator, регулятор
regulatory, регулирующий
rehabilitation, реабилитация
reign, царствовать
to reinforce, для усиления
rejection, отклонение
relevance, релевантность
reliability, надежность
to relieve, облегчить
relieved, с облегчением
reluctant, вынужденный
remainder, остаток
remains, останки
remarkable, замечательный
remarkably, замечательно
remedy, средство
reminder, напоминание
removal, удаление
to render, оказывать
to renew, обновить
renowned, известный
rental, аренда
replacement, замена
reportedly, как сообщается
reporting, отчетность
representation, представление
to reproduce, воспроизводить
reproduction, воспроизводство
republic, республика
to resemble, походить
to reside, проживать
residence, резиденция
residential, Жилой
residue, остаток
to resign, уйти в отставку
resignation, отставка
resistance, сопротивление
resolution, разрешение
respective, соответствующий
respectively, соответственно
restoration, восстановление
to restore, восстановить
restraint, сдержанность
to restrict, ограничивать
restriction, ограничение
to resume, возобновить
retail, розничная торговля
retirement, выход на пенсию
retreat, отступление
to retrieve, чтобы получить
revelation, откровение
revenge, месть
revenue, доход
to reverse,повернуть вспять
revision, пересмотр
revival, возрождение
to revive, возрождать
revolutionary, революционный
rhetoric, риторика
ridiculous, нелепый
rifle, винтовка
riot, бунт
to rip, рвать
risky, рискованный
ritual, ритуал
rival, соперник
to rob, грабить
robbery, ограбление
robust, крепкий
to rock, качаться
rocket, ракета
rod, стержень
romance, романтика
rose, роза
to rotate, вращать
rotation, вращение
roughly, грубо
to ruin, разрушить
ruling, постановление
rumour, слух
to sack, увольнять
sacred, священный
sacrifice, жертва
saint, святой
sake, ради
sanction, санкция
satisfaction, удовлетворение
say, сказать
scandal, скандал
to scare, пугать
scattered, разбросанный
scenario, сценарий
sceptical, скептически настроенный
scholar, ученый
scholarship, стипендия
scope, объем
to scratch, царапать
screening, скрининг
to screw, ввинчивать
scrutiny, проверка
to seal, запечатать
secular, светский
seeker, искатель
seemingly, по-видимому
segment, сегмент
to seize, захватить
seldom, редко
selective, селективный
seminar, семинар
senator, сенатор
sensation, ощущение
sensitivity, чувствительность
sentiment, сентимент
separation, разделение
serial, серийный
settlement, урегулирование
settler, поселенец
set-up, настраивать
severely, строго
sexuality, сексуальность
sexy, сексуальный
shaped, в форме
shareholder, акционер
to shatter, разбить
to shed,пролить
sheer, явный
shipping, перевозки
shocking, шокирующий
shoot, стрелять
shore, берег
shortage, нехватка
shortly, вскоре
short-term, короткий срок
to shrink, сжиматься
to shrug, пожимать плечами
sibling, брат или сестра
to sigh, вздыхать
signature, подпись
significance, значение
to simulate, имитировать
simulation, симуляция
simultaneously, одновременно
sin, грех
sketch, эскиз
skilled, квалифицированный
to skip, пропустить
skull, череп
to slam, хлопать
to slap, давать пощечину
to slash, резать
slavery, рабство
slogan, лозунг
slot, слот
to smash, разбить
to snap, щелкнуть
to soak, замачивать
to soar, парить
so-called, так называемый
socialist, социалистический
sole, подошва
solely, исключительно
solicitor, адвокат
solidarity, солидарность
solo, соло
somehow, как-то
sometime, когда-нибудь
sophisticated, сложный
sovereignty, суверенитет
spam, спам
to span, охватывать
spare, запасной
to spark, зажечь
to specialize, специализироваться
specialized, специализированный
specification, спецификация
to specify, указать
specimen, образец
spectacle, зрелище
spectacular, зрелищный
spectator, зритель
spectrum, спектр
to speculate, спекулировать
speculation, спекуляция
spell, заклинание
sphere, сфера
spice, специи
to spill, пролить
to spin, прясть
spine, позвоночник
spite, злость
to spoil, портить
spokesman, пресс-секретарь
spokesperson, пресс-секретарь
spokeswoman,пресс-секретарь
sponsorship, спонсорство
sporting, спортивный
spotlight, в центре внимания
spouse, супруг
spy, шпион
squad, отряд
to squeeze, выжимать
to stab, наносить удары ножом
stability, стабильность
to stabilize, стабилизировать
stake, кол
stall, ларек
stance, позиция
standing, стоя
stark, суровый
to starve, голодать
statistical, статистический
steadily, устойчиво
steam, пар
to steer, рулить
stem, корень
stereotype, стереотип
to stimulate, стимулировать
stimulus, стимул
to stir, размешивать
storage, хранилище
straightforward, простой
strain, напряжение
strand, прядь
strategic, стратегический
to strengthen, укреплять
strictly, строго
striking, поразительный
strip (long narrow piece), полоска (длинная узкая часть)
strip (remove clothes/a layer), полоска (снять одежду/слой)
to strive, стремиться
stroke, гладить
structural, структурный
to stumble, споткнуться
to stun, оглушить
stunning, оглушительный
submission, подчинение
subscriber, подписчик
subscription, подписка
subsequent, последующий
subsequently, впоследствии
subsidy, субсидия
substantial, существенный
substantially, существенно
substitute, заменять
substitution, замена
subtle, тонкий
suburb, пригород
suburban, пригородный
succession, преемственность
successive, последовательный
successor, преемник
to suck, сосать
to sue, подать в суд
suffering, страдания
sufficient, достаточный
sufficiently, достаточно
suicide,самоубийство
suite, сюита
summit, саммит
super, супер
superb, превосходно
superior, начальство
to supervise, контролировать
supervision, надзор
supervisor, руководитель
supplement, добавка
supportive, поддерживающий
supposedly, предположительно
to suppress, подавлять
supreme, верховный
surge, всплеск
surgeon, хирург
surgical, хирургический
surplus, излишек
to surrender, сдаться
surveillance, наблюдение
survival, выживание
survivor, выживший
to suspend, приостановить
suspension, приостановка
suspicion, подозрение
suspicious, подозрительный
to sustain, поддерживать
sustainable, устойчивый
to swallow, глотать
to swing, качаться
sword, меч
symbolic, символический
sympathetic, сочувствующий
syndrome, синдром
synthesis, синтез
systematic, систематический
to tackle, решать
tactic, тактика
tactical, тактический
tag, ярлык
to tap, нажимать
taxpayer, налогоплательщик
technological, технологический
teens, тинейджеры
temple, храм
temporarily, временно
to tempt, соблазнять
tenant, жилец
tendency, тенденция
tender, нежный
tension, напряжение
tenure, срок пребывания
terminal n B, терминал n B
to terminate, прекратить
terms, условия
terrain, местность
terribly, ужасно
terrific, потрясающий
to terrify, ужасать
territory, территория
terror, террор
terrorism, терроризм
terrorist, террорист
to testify, давать показания
testimony, показания
testing, тестирование
textbook, учебник
texture,текстура
thankfully, к счастью
theatrical, театральный
theft, кража
theology, теология
theoretical, теоретический
therapist, терапевт
thereafter, после этого
thereby, тем самым
thesis, тезис
thorough, тщательный
thoroughly, тщательно
thoughtful, вдумчивый
thought-provoking, наводящий на размышления
thread, нить
threshold, порог
thrilled, взволнованный
to thrive, процветать
thumb, большой палец
tide, прилив
to tighten, затягивать
timber, древесина
timely, своевременный
timing, время
tissue, салфетка
tobacco, табак
tolerance, толерантность
to tolerate, терпеть
toll, потери
ton, тонна
tonne, тонна
to top, наверх
torture, пытка
to toss, бросать
to total, к общему итогу
tournament, турнир
toxic, токсичный
to trace, отслеживать
trademark, торговая марка
trading, торговля
tragedy, трагедия
tragic, трагический
trail, тащить
trailer, трейлер
trait, черта
transaction, сделка
transcript, транскрипт
transformation, трансформация
transit, транзит
transmission, передача инфекции
to transmit, передавать
transparency, прозрачность
transparent, прозрачный
transportation, транспорт
to trap, ловить в ловушку
trauma, травма
treasure, сокровище
treaty, договор
tremendous, огромный
tribal, племенной
tribe, племя
tribunal, трибунал
tribute, дань уважения
to trigger, вызвать
trillion, триллион
trio, трио
triumph, триумф
troop, отряд
trophy, трофей
troubled,обеспокоенный
trustee, попечитель
tsunami, цунами
tuition, обучение
turnout, оказаться
turnover, оборот
to twist, крутить
ultimate, окончательный
unacceptable, неприемлемо
uncertainty, неопределенность
to undergo, подвергаться
undergraduate, бакалавриат
underlying, лежащий в основе
to undermine, подорвать
to undertake, предпринять
undoubtedly, несомненно
to unfold, разворачиваться
unfortunate, неудачный
to unify, объединить
to unite, объединить
unity, единство
universal, универсальный
unprecedented, беспрецедентный
to unveil, раскрывать
upcoming, предстоящий
to upgrade, для обновления
to uphold, поддерживать
urgent, срочный
usage, использование
useless, бесполезный
utility, полезность
to utilize, использовать
utterly, крайне
vacuum, вакуум
vague, нечеткий
valid, действительный
validity, действительность
to vanish, исчезнуть
variable, переменная
variation, вариация
varied, разнообразный
vein, вена
venture, риск
verbal, словесный
verdict, вердикт
to verify, для проверки
verse, стих
versus, против
vertical, вертикальный
vessel, судно
veteran, ветеран
viable, жизнеспособный
vibrant, яркий
vice, порок
vicious, беспощадный
viewpoint, точка зрения
villager, сельский житель
to violate, нарушать
violation, нарушение
virtue, достоинство
visa, виза
visible, видимый
vocal, вокальный
voluntary, добровольный
voting, голосование
to vow, поклясться
vulnerability, уязвимость
vulnerable, уязвимый
to wander,бродить
ward, сторожить
warehouse, склад
warfare, война
warming, потепление
warrant, ордер
warrior, воин
to weaken, ослабить
to weave, ткать
weed, сорняк
weekly, еженедельно
weird, странный
welfare, благосостояние
well-being, благополучие
whatsoever, что угодно
wheat, пшеница
whereby, посредством чего
whilst, в то время как
to whip, хлестать
whoever, кто бы ни
wholly, полностью
to widen, расширять
widespread, широко распространенный
widow, вдова
width, ширина
willingness, готовность
to wipe, вытирать
wisdom, мудрость
wit, остроумие
to withdraw, снять
withdrawal, снятие
workforce, рабочая сила
workout, тренировка
workplace, рабочее место
workshop, мастерская
worm, червь
worship, поклонение
worthwhile, стоит того
worthy, достойный
wrist, запястье
to yell, кричать
yield, урожай
youngster, юнец